0, 10.3458, 1.93427, 1.34555
1, 10.346, 1.93445, 1.33941
2, 10.3461, 1.93458, 1.33631
3, 10.3462, 1.93468, 1.33445
4, 10.3463, 1.93475, 1.33321
5, 10.3463, 1.9348, 1.33232
6, 10.3463, 1.93508, 1.33073
7, 10.3463, 1.93531, 1.32954
8, 10.3463, 1.9355, 1.32863
9, 10.3463, 1.93566, 1.32792
10, 10.3463, 1.93579, 1.32737
11, 10.3463, 1.9359, 1.32694
12, 10.3463, 1.93599, 1.32661
13, 10.3463, 1.93605, 1.32635
14, 10.3463, 1.93611, 1.32616
15, 10.3463, 1.93614, 1.32602
16, 10.3463, 1.93617, 1.32592
17, 10.3463, 1.93619, 1.32586
18, 10.3462, 1.93651, 1.32514
19, 10.3462, 1.93678, 1.32456
20, 10.3461, 1.93701, 1.3241
21, 10.3461, 1.93719, 1.32374
22, 10.3459, 1.93782, 1.32271
23, 10.3458, 1.93837, 1.32186
24, 10.3432, 1.93981, 1.31591
25, 10.3411, 1.94122, 1.31081
26, 10.3395, 1.94261, 1.3064
27, 10.3382, 1.94396, 1.30259
28, 10.3372, 1.94525, 1.29928
29, 10.3364, 1.94649, 1.2964
30, 10.3358, 1.94767, 1.2939
31, 10.3353, 1.94878, 1.29173
32, 10.335, 1.94982, 1.28985
33, 10.3347, 1.9508, 1.28823
34, 10.3344, 1.9517, 1.28683
35, 10.3343, 1.95252, 1.28564
36, 10.3341, 1.95327, 1.28463
37, 10.334, 1.95395, 1.28377
38, 10.3339, 1.95455, 1.28306
39, 10.3339, 1.95507, 1.28248
40, 10.3338, 1.95563, 1.28189
41, 10.3338, 1.9561, 1.2814
42, 10.3337, 1.9565, 1.28102
43, 10.3337, 1.95683, 1.28073
44, 10.3337, 1.95709, 1.28051
45, 10.3337, 1.95727, 1.28036
46, 10.3321, 1.95053, 1.28309
47, 10.3307, 1.944, 1.28569
48, 10.3296, 1.93766, 1.28816
49, 10.3287, 1.93147, 1.29049
50, 10.328, 1.92543, 1.29268
51, 10.3274, 1.91953, 1.29473
52, 10.3269, 1.91376, 1.29665
53, 10.3265, 1.90813, 1.29843
54, 10.3262, 1.90265, 1.30009
55, 10.3259, 1.89734, 1.30163
56, 10.3257, 1.89222, 1.30305
57, 10.3256, 1.88731, 1.30436
58, 10.3248, 1.87854, 1.30561
59, 10.3242, 1.87036, 1.30682
60, 10.3237, 1.86277, 1.30796
61, 10.3234, 1.85578, 1.30904
62, 10.3233, 1.85635, 1.30872
63, 10.3233, 1.85674, 1.30852
64, 10.3229, 1.84935, 1.30915
65, 10.3226, 1.84289, 1.30981
66, 10.3225, 1.83728, 1.3105
67, 10.3223, 1.83241, 1.31117
68, 10.3222, 1.82821, 1.31183
69, 10.3222, 1.82458, 1.31246
70, 10.3222, 1.82145, 1.31305
71, 10.3221, 1.81875, 1.31361
72, 10.3221, 1.81641, 1.31412
73, 10.3221, 1.81438, 1.31461
74, 10.3221, 1.81261, 1.31506
75, 10.3222, 1.81105, 1.31548
76, 10.3216, 1.8039, 1.31507
77, 10.3213, 1.79823, 1.31505
78, 10.321, 1.79366, 1.31527
79, 10.3209, 1.79479, 1.31406
80, 10.3208, 1.79566, 1.31326
81, 10.3207, 1.79628, 1.31274
82, 10.3207, 1.79668, 1.31243
83, 10.3207, 1.7969, 1.31227
84, 10.3207, 1.79695, 1.31224
85, 10.3207, 1.79684, 1.31231
86, 10.3207, 1.79662, 1.31245
87, 10.3207, 1.79562, 1.31288
88, 10.3207, 1.79463, 1.31332
89, 10.3207, 1.79365, 1.31377
90, 10.3208, 1.79267, 1.31422
91, 10.3208, 1.79168, 1.31469
92, 10.3208, 1.79069, 1.31517
93, 10.3208, 1.78969, 1.31565
94, 10.3209, 1.78868, 1.31614
95, 10.3209, 1.78766, 1.31664
96, 10.3193, 1.7736, 1.31176
97, 10.318, 1.76311, 1.30911
98, 10.3171, 1.75508, 1.30781
99, 10.3164, 1.74875, 1.30732
100, 10.3158, 1.74365, 1.30731
101, 10.2676, 1.52336, 1.05886
102, 10.2396, 1.62451, 1.11054
103, 10.2386, 1.63459, 1.11641
104, 10.2384, 1.63832, 1.11978
105, 10.2381, 1.63924, 1.12118
106, 10.2379, 1.64034, 1.12309
107, 10.2378, 1.6415, 1.12527
108, 10.2379, 1.64269, 1.12758
109, 10.238, 1.64389, 1.12996
110, 10.2381, 1.6451, 1.13236
111, 10.2383, 1.64632, 1.13477
112, 10.2385, 1.64754, 1.13718
113, 10.2387, 1.64877, 1.13959
114, 10.2389, 1.65, 1.14198
115, 10.239, 1.65125, 1.14436
116, 10.2392, 1.65249, 1.14673
117, 10.2398, 1.65421, 1.14952
118, 10.2402, 1.65576, 1.15215
119, 10.2405, 1.65723, 1.15466
120, 10.2424, 1.66028, 1.15808
121, 10.2435, 1.66265, 1.16111
122, 10.2443, 1.66464, 1.16389
123, 10.2449, 1.6664, 1.16649
124, 10.2453, 1.66801, 1.16896
125, 10.2457, 1.66953, 1.17133
126, 10.2538, 1.67696, 1.17407
127, 10.2583, 1.68161, 1.17686
128, 10.261, 1.68494, 1.17957
129, 10.2627, 1.68756, 1.18216
130, 10.2639, 1.68976, 1.18463
131, 10.2648, 1.69168, 1.18697
132, 10.2654, 1.69342, 1.18922
133, 10.2659, 1.69504, 1.19139
134, 10.2664, 1.69658, 1.1935
135, 10.2685, 1.69901, 1.19511
136, 10.2701, 1.70116, 1.1969
137, 10.2714, 1.70312, 1.1988
138, 10.2724, 1.70494, 1.20075
139, 10.2732, 1.70665, 1.20272
140, 10.2738, 1.70828, 1.20469
141, 10.2744, 1.70984, 1.20665
142, 10.2787, 1.71089, 1.20242
143, 10.2814, 1.7114, 1.19915
144, 10.2829, 1.71154, 1.19698
145, 10.2852, 1.71203, 1.19379
146, 10.2864, 1.71216, 1.19177
147, 10.2869, 1.71213, 1.1907
148, 10.287, 1.7121, 1.19035
149, 10.287, 1.71213, 1.19056
150, 10.2868, 1.71229, 1.19119
151, 10.2867, 1.71259, 1.19214
152, 10.2865, 1.71303, 1.19334
153, 10.2864, 1.7136, 1.19474
154, 10.2863, 1.7143, 1.19627
155, 10.2862, 1.71511, 1.19792
156, 10.2862, 1.71602, 1.19965
157, 10.2859, 1.71618, 1.20043
158, 10.2857, 1.71645, 1.20147
159, 10.2854, 1.71684, 1.20271
160, 10.2854, 1.71777, 1.20452
161, 10.2854, 1.71877, 1.20638
162, 10.2854, 1.71985, 1.20826
163, 10.2854, 1.72099, 1.21017
164, 10.2854, 1.72217, 1.21209
165, 10.2855, 1.72215, 1.2119
166, 10.2854, 1.72219, 1.2121
167, 10.2852, 1.7223, 1.21262
168, 10.285, 1.7225, 1.21339
169, 10.2848, 1.7228, 1.21436
170, 10.2846, 1.72321, 1.21551
171, 10.2844, 1.72373, 1.21678
172, 10.2842, 1.72434, 1.21817
173, 10.284, 1.72505, 1.21964
174, 10.2838, 1.72585, 1.22118
175, 10.2837, 1.72674, 1.22277
176, 10.284, 1.72656, 1.22216
177, 10.284, 1.72647, 1.2219
178, 10.284, 1.72648, 1.22193
179, 10.284, 1.7266, 1.22219
180, 10.2838, 1.72683, 1.22265
181, 10.2837, 1.72717, 1.22326
182, 10.2837, 1.72865, 1.2252
183, 10.2838, 1.73015, 1.2271
184, 10.2837, 1.73152, 1.22883
185, 10.2837, 1.73294, 1.23055
186, 10.2836, 1.73439, 1.23224
187, 10.2836, 1.73587, 1.23391
188, 10.2835, 1.73738, 1.23556
189, 10.2835, 1.73892, 1.23719
190, 10.2835, 1.74049, 1.23879
191, 10.2834, 1.74207, 1.24037
192, 10.2834, 1.74367, 1.24192
193, 10.2833, 1.74529, 1.24344
194, 10.2833, 1.74692, 1.24494
195, 10.2832, 1.74856, 1.24641
196, 10.2832, 1.7502, 1.24785
197, 10.2832, 1.75185, 1.24927
198, 10.2834, 1.75137, 1.2488
199, 10.2835, 1.75105, 1.24849
200, 10.2836, 1.75085, 1.24833
201, 10.2835, 1.75107, 1.2485
202, 10.2834, 1.75139, 1.24875
203, 10.2834, 1.75179, 1.24905
204, 10.2834, 1.7515, 1.24884
205, 10.2835, 1.75132, 1.24871
206, 10.2835, 1.75123, 1.24865
207, 10.2835, 1.75123, 1.24865
208, 10.2835, 1.75129, 1.24869
209, 10.2835, 1.75142, 1.24876
210, 10.2834, 1.7516, 1.24887
211, 10.2834, 1.75183, 1.249
212, 10.2834, 1.75209, 1.24915
213, 10.2833, 1.75239, 1.24931
214, 10.2833, 1.75271, 1.24949
215, 10.2833, 1.75305, 1.24967
216, 10.2832, 1.7534, 1.24986
217, 10.2833, 1.75517, 1.25081
218, 10.2834, 1.75685, 1.25173
219, 10.2835, 1.75847, 1.25262
220, 10.2835, 1.76002, 1.25349
221, 10.2836, 1.76153, 1.25432
222, 10.2836, 1.76298, 1.25513
223, 10.2838, 1.76487, 1.25621
224, 10.2839, 1.76669, 1.25725
225, 10.2841, 1.76844, 1.25825
226, 10.2859, 1.77206, 1.26067
227, 10.2874, 1.77545, 1.263
228, 10.2887, 1.77864, 1.26523
229, 10.2898, 1.78167, 1.26736
230, 10.2907, 1.78455, 1.26938
231, 10.2915, 1.7873, 1.27131
232, 10.2922, 1.78992, 1.27315
233, 10.2928, 1.79244, 1.27489
234, 10.2933, 1.79487, 1.27656
235, 10.2937, 1.7972, 1.27814
236, 10.2941, 1.79945, 1.27965
237, 10.2944, 1.80162, 1.28109
238, 10.297, 1.80485, 1.2841
239, 10.2993, 1.80795, 1.28694
240, 10.3011, 1.81091, 1.28961
241, 10.3028, 1.81375, 1.29211
242, 10.3098, 1.81653, 1.29705
243, 10.3156, 1.8193, 1.30153
244, 10.32, 1.82208, 1.30545
245, 10.3236, 1.8248, 1.30904
246, 10.3267, 1.82744, 1.31234
247, 10.3292, 1.83002, 1.31541
248, 10.3314, 1.83253, 1.31825
249, 10.3333, 1.83496, 1.3209
250, 10.3349, 1.83733, 1.32339
251, 10.3362, 1.83962, 1.32572
252, 10.3374, 1.84185, 1.32792
253, 10.3385, 1.84402, 1.33001
254, 10.3394, 1.84613, 1.33199
255, 10.3402, 1.84819, 1.33387
256, 10.3409, 1.85019, 1.33567
257, 10.3406, 1.85143, 1.33627
258, 10.3403, 1.85264, 1.33686
259, 10.34, 1.85381, 1.33744
260, 10.3398, 1.85496, 1.33802
261, 10.3396, 1.85609, 1.3386
262, 10.3394, 1.8572, 1.33918
263, 10.3395, 1.85862, 1.34012
264, 10.3395, 1.86003, 1.34105
265, 10.3395, 1.86017, 1.3411
266, 10.3394, 1.8603, 1.34114
267, 10.3394, 1.86043, 1.34119
268, 10.3393, 1.86055, 1.34123
269, 10.3393, 1.86069, 1.34128
270, 10.3393, 1.86084, 1.34134
271, 10.3392, 1.86101, 1.34141
272, 10.3392, 1.8612, 1.34148
273, 10.3392, 1.86141, 1.34157
274, 10.3391, 1.86164, 1.34166
275, 10.3391, 1.86189, 1.34176
276, 10.339, 1.86216, 1.34188
277, 10.339, 1.86246, 1.342
278, 10.3397, 1.86062, 1.34175
279, 10.3404, 1.85874, 1.34145
280, 10.341, 1.85687, 1.34112
281, 10.3416, 1.85501, 1.34075
282, 10.3416, 1.85499, 1.34074
283, 10.3416, 1.85505, 1.34077
284, 10.3416, 1.85516, 1.34082
285, 10.3422, 1.85323, 1.34053
286, 10.3427, 1.8513, 1.34019
287, 10.3432, 1.84939, 1.33982
288, 10.3437, 1.84753, 1.33944
289, 10.3441, 1.84572, 1.33904
290, 10.3444, 1.84397, 1.33863
291, 10.3448, 1.84228, 1.33823
292, 10.345, 1.84065, 1.33782
293, 10.3453, 1.83909, 1.33742
294, 10.3455, 1.83759, 1.33703
295, 10.3456, 1.83616, 1.33664
296, 10.3479, 1.83017, 1.33705
297, 10.3501, 1.82416, 1.33722
298, 10.3522, 1.8182, 1.33719
299, 10.3542, 1.81234, 1.33702
300, 10.3561, 1.80662, 1.33674
301, 10.3577, 1.80105, 1.33637
302, 10.3592, 1.79564, 1.33594
303, 10.361, 1.78929, 1.33577
304, 10.3627, 1.78312, 1.3355
305, 10.3642, 1.77713, 1.33516
306, 10.3654, 1.77133, 1.33475
307, 10.369, 1.76101, 1.33611
308, 10.3723, 1.75095, 1.33708
309, 10.3753, 1.74117, 1.33776
310, 10.3778, 1.7317, 1.33822
311, 10.38, 1.72254, 1.33852
312, 10.3818, 1.71369, 1.33868
313, 10.3832, 1.70515, 1.33874
314, 10.3843, 1.69693, 1.33871
315, 10.385, 1.68901, 1.33861
316, 10.3846, 1.68828, 1.33799
317, 10.3843, 1.68769, 1.33757
318, 10.3841, 1.68722, 1.33728
319, 10.384, 1.68687, 1.33709
320, 10.3839, 1.68662, 1.33696
321, 10.3843, 1.68738, 1.33749
322, 10.3847, 1.68821, 1.338
323, 10.385, 1.68907, 1.33848
324, 10.3854, 1.68996, 1.33893
325, 10.3899, 1.69215, 1.34528
326, 10.3937, 1.69456, 1.35062
327, 10.3968, 1.69712, 1.35516
328, 10.3995, 1.69976, 1.35906
329, 10.4018, 1.70246, 1.36245
330, 10.4038, 1.70518, 1.36541
331, 10.4055, 1.70789, 1.36801
332, 10.407, 1.71057, 1.37033
333, 10.4083, 1.71321, 1.37239
334, 10.4094, 1.71579, 1.37424
335, 10.4105, 1.7183, 1.37591
336, 10.4114, 1.72074, 1.37743
337, 10.4155, 1.72293, 1.38432
338, 10.419, 1.72535, 1.39016
339, 10.4219, 1.7279, 1.39517
340, 10.4244, 1.73055, 1.3995
341, 10.4266, 1.73324, 1.40328
342, 10.4285, 1.73596, 1.40662
343, 10.4307, 1.73859, 1.41067
344, 10.4327, 1.74124, 1.41424
345, 10.4345, 1.74391, 1.4174
346, 10.436, 1.74657, 1.42022
347, 10.4361, 1.74812, 1.42048
348, 10.4362, 1.74951, 1.42076
349, 10.4363, 1.75077, 1.42104
350, 10.4364, 1.75193, 1.42133
351, 10.4364, 1.75299, 1.42162
352, 10.4365, 1.75399, 1.4219
353, 10.4366, 1.75492, 1.42217
354, 10.4367, 1.75581, 1.42244
355, 10.437, 1.75344, 1.4228
356, 10.4374, 1.751, 1.42301
357, 10.4377, 1.74855, 1.42309
358, 10.438, 1.74616, 1.42307
359, 10.4382, 1.74385, 1.42297
360, 10.4384, 1.74163, 1.42281
361, 10.4386, 1.73953, 1.4226
362, 10.4387, 1.73753, 1.42236
363, 10.4387, 1.73655, 1.42208
364, 10.4387, 1.73567, 1.42183
365, 10.4403, 1.7287, 1.42386
366, 10.4418, 1.72193, 1.42529
367, 10.4431, 1.71544, 1.42626
368, 10.4444, 1.70927, 1.42689
369, 10.4454, 1.70342, 1.42726
370, 10.4462, 1.69789, 1.42744
371, 10.4469, 1.69267, 1.42747
372, 10.4475, 1.68775, 1.42739
373, 10.4479, 1.68312, 1.42723
374, 10.4482, 1.67875, 1.42701
375, 10.4484, 1.67465, 1.42675
376, 10.4485, 1.6708, 1.42646
377, 10.4524, 1.6565, 1.43311
378, 10.456, 1.6431, 1.43792
379, 10.4591, 1.63055, 1.44149
380, 10.4617, 1.61877, 1.44418
381, 10.4637, 1.60772, 1.44625
382, 10.4653, 1.59734, 1.44785
383, 10.4665, 1.58758, 1.44909
384, 10.4673, 1.57837, 1.45007
385, 10.4678, 1.56971, 1.45083
386, 10.4681, 1.56158, 1.4514
387, 10.4681, 1.55394, 1.45181
388, 10.4679, 1.54677, 1.45209
389, 10.4676, 1.54005, 1.45227
390, 10.4672, 1.53374, 1.45236
391, 10.4667, 1.52783, 1.45238
392, 10.4661, 1.5223, 1.45233
393, 10.4654, 1.51711, 1.45223
394, 10.4648, 1.51227, 1.4521
395, 10.4641, 1.50773, 1.45192
396, 10.4634, 1.5035, 1.45173
397, 10.4627, 1.49954, 1.45151
398, 10.4621, 1.49585, 1.45127
399, 10.4624, 1.48516, 1.45531
400, 10.4624, 1.47518, 1.45819
401, 10.4622, 1.46587, 1.46028
402, 10.4618, 1.45718, 1.4618
403, 10.4609, 1.45381, 1.4609
404, 10.4601, 1.4507, 1.46021
405, 10.4594, 1.44784, 1.45967
406, 10.4587, 1.44519, 1.45922
407, 10.4581, 1.44276, 1.45884
408, 10.4576, 1.44052, 1.45851
409, 10.457, 1.43845, 1.45821
410, 10.4566, 1.43654, 1.45795
411, 10.4562, 1.43478, 1.4577
412, 10.4558, 1.43316, 1.45747
413, 10.4554, 1.43167, 1.45726
414, 10.4551, 1.43029, 1.45706
415, 10.4548, 1.42903, 1.45688
416, 10.458, 1.43218, 1.46341
417, 10.4608, 1.43543, 1.46863
418, 10.4631, 1.43873, 1.47287
419, 10.4652, 1.44202, 1.47637
420, 10.467, 1.44526, 1.4793
421, 10.4686, 1.44844, 1.48178
422, 10.4701, 1.45154, 1.4839
423, 10.5039, 1.42817, 1.57806
424, 10.5294, 1.4176, 1.63747
425, 10.5561, 1.40916, 1.68972
426, 10.5768, 1.40615, 1.72537
427, 10.5932, 1.40595, 1.75109
428, 10.6065, 1.40729, 1.77049
429, 10.6174, 1.40949, 1.78567
430, 10.6265, 1.41218, 1.79791
431, 10.6342, 1.41516, 1.80803
432, 10.6408, 1.41828, 1.81655
433, 10.6465, 1.42146, 1.82387
434, 10.6514, 1.42466, 1.83024
435, 10.6557, 1.42783, 1.83586
436, 10.6595, 1.43096, 1.84087
437, 10.6631, 1.43401, 1.84569
438, 10.6664, 1.437, 1.85005
439, 10.6692, 1.43993, 1.85403
440, 10.6718, 1.4428, 1.85768
441, 10.6741, 1.44559, 1.86105
442, 10.6761, 1.44831, 1.86419
443, 10.678, 1.45096, 1.86712
444, 10.6854, 1.43518, 1.87796
445, 10.6928, 1.41956, 1.88759
446, 10.7001, 1.40426, 1.89608
447, 10.707, 1.3894, 1.9035
448, 10.7135, 1.37506, 1.90997
449, 10.7195, 1.36127, 1.91561
450, 10.7248, 1.34808, 1.92052
451, 10.7296, 1.33549, 1.9248
452, 10.7338, 1.32352, 1.92852
453, 10.7375, 1.31215, 1.93176
454, 10.7407, 1.3014, 1.93458
455, 10.7434, 1.29125, 1.93703
456, 10.7488, 1.27694, 1.94223
457, 10.7534, 1.26334, 1.94683
458, 10.7574, 1.25044, 1.9509
459, 10.7607, 1.23822, 1.95451
460, 10.7636, 1.22667, 1.9577
461, 10.7659, 1.21578, 1.96052
462, 10.7671, 1.20696, 1.96225
463, 10.7681, 1.19869, 1.96377
464, 10.7735, 1.18254, 1.97043
465, 10.778, 1.16718, 1.97639
466, 10.7817, 1.15261, 1.98173
467, 10.7847, 1.13881, 1.98652
468, 10.787, 1.12576, 1.99082
469, 10.7889, 1.11343, 1.99468
470, 10.7902, 1.10181, 1.99814
471, 10.7912, 1.09086, 2.00123
472, 10.7919, 1.08058, 2.00399
473, 10.7923, 1.07092, 2.00645
474, 10.7924, 1.06186, 2.00863
475, 10.7924, 1.05338, 2.01056
476, 10.7922, 1.04544, 2.01226
477, 10.792, 1.03803, 2.01374
478, 10.7915, 1.03231, 2.01461
479, 10.791, 1.02698, 2.01535
480, 10.7905, 1.02202, 2.01597
481, 10.79, 1.01742, 2.01648
482, 10.7895, 1.01314, 2.0169
483, 10.789, 1.00919, 2.01724
484, 10.7888, 1.00234, 2.01845
485, 10.7886, 0.996, 2.01949
486, 10.7883, 0.990123, 2.02035
487, 10.788, 0.984687, 2.02108
488, 10.7877, 0.979664, 2.02167
489, 10.7873, 0.975031, 2.02215
490, 10.7869, 0.970761, 2.02254
491, 10.7866, 0.966833, 2.02284
492, 10.7862, 0.963224, 2.02306
493, 10.7859, 0.959913, 2.02322
494, 10.7856, 0.956881, 2.02333
495, 10.7854, 0.952515, 2.02369
496, 10.7851, 0.948514, 2.02397
497, 10.7849, 0.944853, 2.02417
498, 10.7846, 0.941509, 2.02431
499, 10.7844, 0.93846, 2.0244
500, 10.7841, 0.935683, 2.02445
501, 10.7839, 0.933161, 2.02445
502, 10.7837, 0.929799, 2.02458
503, 10.7835, 0.926742, 2.02465
504, 10.7834, 0.923968, 2.02467
505, 10.7844, 0.927524, 2.02571
506, 10.7854, 0.930707, 2.02665
507, 10.7862, 0.933582, 2.0275
508, 10.7868, 0.936201, 2.02828
509, 10.7874, 0.938605, 2.02901
510, 10.788, 0.940829, 2.02968
511, 10.7884, 0.942899, 2.03031
512, 10.7889, 0.944838, 2.0309
513, 10.7892, 0.946666, 2.03146
514, 10.7896, 0.948398, 2.03199
515, 10.7899, 0.950046, 2.03249
516, 10.7902, 0.951623, 2.03298
517, 10.7935, 0.958317, 2.03833
518, 10.7964, 0.964397, 2.04291
519, 10.7988, 0.969954, 2.04688
520, 10.801, 0.97506, 2.05035
521, 10.8028, 0.979775, 2.05342
522, 10.8045, 0.984149, 2.05615
523, 10.8059, 0.988222, 2.0586
524, 10.8103, 0.995157, 2.06632
525, 10.8142, 1.00155, 2.07285
526, 10.8175, 1.00746, 2.07846
527, 10.8204, 1.01294, 2.08333
528, 10.823, 1.01805, 2.0876
529, 10.8252, 1.02282, 2.09138
530, 10.8272, 1.02728, 2.09475
531, 10.829, 1.03148, 2.09777
532, 10.8306, 1.03543, 2.10051
533, 10.832, 1.03916, 2.10299
534, 10.8333, 1.04268, 2.10525
535, 10.8344, 1.04603, 2.10733
536, 10.8344, 1.04454, 2.10736
537, 10.8343, 1.0432, 2.10733
538, 10.8343, 1.04202, 2.10726
539, 10.8343, 1.04098, 2.10717
540, 10.8342, 1.04008, 2.10707
541, 10.8342, 1.03931, 2.10697
542, 10.8342, 1.03867, 2.10688
543, 10.8516, 1.04649, 2.14269
544, 10.8662, 1.05429, 2.16928
545, 10.8784, 1.0618, 2.18985
546, 10.8888, 1.06892, 2.20625
547, 10.8976, 1.07563, 2.21966
548, 10.9052, 1.08194, 2.23086
549, 10.9118, 1.08788, 2.24036
550, 10.9172, 1.09343, 2.24797
551, 10.9219, 1.09864, 2.25463
552, 10.926, 1.10356, 2.26053
553, 10.9297, 1.10821, 2.26579
554, 10.9329, 1.11261, 2.27052
555, 10.9358, 1.11678, 2.27479
556, 10.9383, 1.12074, 2.27869
557, 10.9406, 1.12451, 2.28225
558, 10.9407, 1.12511, 2.28221
559, 10.9408, 1.12566, 2.28221
560, 10.9408, 1.12618, 2.28223
561, 10.9409, 1.12668, 2.28228
562, 10.941, 1.12718, 2.28234
563, 10.941, 1.12768, 2.28242
564, 10.9412, 1.12871, 2.28272
565, 10.9413, 1.12973, 2.28303
566, 10.9415, 1.13074, 2.28335
567, 10.9417, 1.13176, 2.28369
568, 10.9418, 1.13247, 2.28389
569, 10.9419, 1.13321, 2.2841
570, 10.942, 1.13396, 2.28433
571, 10.9421, 1.13474, 2.28458
572, 10.9422, 1.13553, 2.28483
573, 10.9423, 1.13634, 2.2851
574, 10.9424, 1.13717, 2.28539
575, 10.9425, 1.13803, 2.28568
576, 10.9426, 1.13889, 2.28599
577, 10.9426, 1.13768, 2.28604
578, 10.9426, 1.13657, 2.28605
579, 10.9426, 1.13556, 2.28602
580, 10.9426, 1.13465, 2.28597
581, 10.9426, 1.13385, 2.28591
582, 10.9426, 1.13315, 2.28584
583, 10.9428, 1.13432, 2.28643
584, 10.9429, 1.13549, 2.287
585, 10.9431, 1.13668, 2.28757
586, 10.9433, 1.13787, 2.28812
587, 10.9435, 1.13906, 2.28867
588, 10.9437, 1.14026, 2.28921
589, 10.9437, 1.14054, 2.28927
590, 10.9438, 1.14086, 2.28934
591, 10.9438, 1.14121, 2.28942
592, 10.9438, 1.14161, 2.28952
593, 10.9439, 1.14205, 2.28964
594, 10.9448, 1.14466, 2.2926
595, 10.9457, 1.1472, 2.29527
596, 10.9466, 1.14969, 2.2977
597, 10.9474, 1.15211, 2.29992
598, 10.9482, 1.15448, 2.30196
599, 10.9489, 1.15679, 2.30386
600, 10.9496, 1.15904, 2.30563
601, 10.9502, 1.16124, 2.30728
602, 10.9508, 1.1634, 2.30884
603, 10.9514, 1.1655, 2.31031
604, 10.9553, 1.15035, 2.32759
605, 10.9593, 1.13522, 2.34307
606, 10.9599, 1.12919, 2.34583
607, 10.9604, 1.12338, 2.34818
608, 10.9609, 1.11783, 2.35017
609, 10.9613, 1.11254, 2.35186
610, 10.9617, 1.10754, 2.35327
611, 10.962, 1.10282, 2.35444
612, 10.9622, 1.09838, 2.35542
613, 10.9625, 1.09422, 2.35622
614, 10.9626, 1.09033, 2.35687
615, 10.9627, 1.0867, 2.35739
616, 10.9631, 1.08833, 2.35845
617, 10.9635, 1.08994, 2.35942
618, 10.9639, 1.09151, 2.36032
619, 10.9642, 1.09306, 2.36114
620, 10.9645, 1.09458, 2.36192
621, 10.9649, 1.09606, 2.36265
622, 10.9652, 1.09753, 2.36334
623, 10.9654, 1.09878, 2.36386
624, 10.9657, 1.10003, 2.36437
625, 10.9659, 1.10126, 2.36486
626, 10.9662, 1.10248, 2.36534
627, 10.9664, 1.10368, 2.36582
628, 10.9666, 1.09974, 2.36757
629, 10.9668, 1.09593, 2.36902
630, 10.967, 1.09228, 2.37019
631, 10.9672, 1.0888, 2.37113
632, 10.9673, 1.08551, 2.37188
633, 10.9674, 1.08242, 2.37246
634, 10.9675, 1.07952, 2.3729
635, 10.9675, 1.07681, 2.37323
636, 10.9685, 1.0699, 2.37677
637, 10.9695, 1.0633, 2.37974
638, 10.9703, 1.05701, 2.38225
639, 10.971, 1.05106, 2.38435
640, 10.9717, 1.04544, 2.38611
641, 10.9722, 1.04016, 2.38758
642, 10.9727, 1.0352, 2.38881
643, 10.9731, 1.03056, 2.38982
644, 10.9735, 1.02623, 2.39065
645, 10.9739, 1.02155, 2.39172
646, 10.9743, 1.01718, 2.39259
647, 10.9746, 1.01311, 2.39331
648, 10.9761, 1.00485, 2.39741
649, 10.9775, 0.997028, 2.40089
650, 10.9788, 0.989641, 2.40385
651, 10.9799, 0.98269, 2.40635
652, 10.9808, 0.976167, 2.40848
653, 10.9816, 0.97006, 2.41029
654, 10.9823, 0.964355, 2.41181
655, 10.9829, 0.959035, 2.41311
656, 10.9834, 0.954083, 2.4142
657, 10.9851, 0.945693, 2.41798
658, 10.9866, 0.937801, 2.42121
659, 10.9878, 0.9304, 2.42396
660, 10.9889, 0.923476, 2.42631
661, 10.9899, 0.917012, 2.42831
662, 10.9907, 0.910989, 2.43001
663, 10.9915, 0.905174, 2.4316
664, 10.9921, 0.899769, 2.43294
665, 10.9926, 0.894752, 2.43408
666, 10.9931, 0.890102, 2.43504
667, 10.9934, 0.885796, 2.43584
668, 10.9937, 0.881813, 2.43651
669, 10.9952, 0.87415, 2.43958
670, 10.9964, 0.866997, 2.44218
671, 10.9975, 0.860336, 2.44439
672, 10.9984, 0.854146, 2.44626
673, 10.9991, 0.848403, 2.44785
674, 10.9998, 0.843083, 2.44919
675, 11.0007, 0.836732, 2.45117
676, 11.0015, 0.830845, 2.45285
677, 11.0022, 0.825397, 2.45428
678, 11.0028, 0.820361, 2.45548
679, 11.0033, 0.815712, 2.45649
680, 11.0037, 0.811425, 2.45733
681, 11.004, 0.807476, 2.45804
682, 11.0042, 0.803842, 2.45862
683, 11.0044, 0.800502, 2.45909
684, 11.0046, 0.797435, 2.45948
685, 11.0046, 0.795593, 2.45957
686, 11.0046, 0.793908, 2.45963
687, 11.0046, 0.792369, 2.45967
688, 11.0053, 0.79569, 2.46084
689, 11.0058, 0.798666, 2.46185
690, 11.0063, 0.801355, 2.46274
691, 11.0068, 0.803803, 2.46352
692, 11.0072, 0.806048, 2.46423
693, 11.0076, 0.808121, 2.46486
694, 11.0079, 0.810047, 2.46544
695, 11.0082, 0.811846, 2.46596
696, 11.0085, 0.813535, 2.46645
697, 11.0117, 0.820271, 2.47335
698, 11.0145, 0.826393, 2.4791
699, 11.017, 0.831991, 2.48397
700, 11.0192, 0.837139, 2.48814
701, 11.0212, 0.841895, 2.49175
702, 11.023, 0.846308, 2.49491
703, 11.0245, 0.850417, 2.49769
704, 11.0269, 0.855447, 2.50225
705, 11.029, 0.860133, 2.5062
706, 11.0309, 0.864513, 2.50965
707, 11.0326, 0.868616, 2.51269
708, 11.0342, 0.87247, 2.51539
709, 11.0372, 0.877821, 2.52162
710, 11.0399, 0.882836, 2.52695
711, 11.0423, 0.887546, 2.53157
712, 11.0445, 0.891978, 2.5356
713, 11.0464, 0.896157, 2.53915
714, 11.047, 0.898202, 2.5398
715, 11.0476, 0.90016, 2.54045
716, 11.0481, 0.902037, 2.54108
717, 11.0486, 0.903842, 2.54169
718, 11.049, 0.90558, 2.54229
719, 11.0494, 0.907257, 2.54287
720, 11.0498, 0.908879, 2.54343
721, 11.0502, 0.910449, 2.54396
722, 11.0506, 0.91217, 2.54462
723, 11.051, 0.913835, 2.54524
724, 11.0513, 0.915447, 2.54584
725, 11.0517, 0.917009, 2.5464
726, 11.052, 0.918526, 2.54694
727, 11.0523, 0.919999, 2.54746
728, 11.0523, 0.919494, 2.54746
729, 11.0522, 0.919057, 2.54745
730, 11.0522, 0.91869, 2.54743
731, 11.0522, 0.91839, 2.54741
732, 11.0521, 0.918156, 2.54739
733, 11.0521, 0.917984, 2.54737
734, 11.0521, 0.917872, 2.54736
735, 11.0521, 0.917817, 2.54735
736, 11.0521, 0.917814, 2.54735
737, 11.0527, 0.911935, 2.55065
738, 11.0533, 0.906362, 2.55334
739, 11.0539, 0.901107, 2.55553
740, 11.0544, 0.896171, 2.55732
741, 11.0548, 0.891553, 2.55877
742, 11.0552, 0.887244, 2.55995
743, 11.0651, 0.895599, 2.59492
744, 11.0737, 0.90341, 2.62143
745, 11.0814, 0.910691, 2.64222
746, 11.0882, 0.917487, 2.65897
747, 11.0942, 0.923846, 2.67276
748, 11.0995, 0.929812, 2.6843
749, 11.103, 0.934998, 2.69038
750, 11.1061, 0.939857, 2.69574
751, 11.1089, 0.944426, 2.70051
752, 11.1115, 0.948734, 2.70479
753, 11.1138, 0.952809, 2.70864
754, 11.1159, 0.95667, 2.71212
755, 11.1178, 0.960339, 2.71529
756, 11.1196, 0.96383, 2.71819
757, 11.1198, 0.964825, 2.7181
758, 11.12, 0.965736, 2.71806
759, 11.1202, 0.966582, 2.71807
760, 11.1204, 0.967377, 2.71811
761, 11.1205, 0.968133, 2.71817
762, 11.1212, 0.970187, 2.71926
763, 11.1218, 0.972171, 2.72029
764, 11.1224, 0.974089, 2.72126
765, 11.1229, 0.975946, 2.72217
766, 11.1234, 0.977748, 2.72304
767, 11.1239, 0.979498, 2.72387
768, 11.1243, 0.981199, 2.72466
769, 11.1249, 0.983088, 2.72571
770, 11.1254, 0.984926, 2.7267
771, 11.1259, 0.986717, 2.72763
772, 11.1263, 0.988463, 2.72852
773, 11.1268, 0.990168, 2.72936
774, 11.1272, 0.991832, 2.73017
775, 11.1276, 0.993458, 2.73094
776, 11.128, 0.995047, 2.73168
777, 11.1284, 0.996603, 2.7324
778, 11.1297, 0.999575, 2.737
779, 11.131, 1.00248, 2.7411
780, 11.1322, 1.00532, 2.74478
781, 11.1334, 1.00809, 2.74811
782, 11.1345, 1.0108, 2.75114
783, 11.1356, 1.01345, 2.7539
784, 11.1372, 1.01646, 2.75918
785, 11.1387, 1.01943, 2.76391
786, 11.1402, 1.02234, 2.76817
787, 11.1416, 1.02519, 2.77204
788, 11.1428, 1.02799, 2.77557
789, 11.1441, 1.03072, 2.7788
790, 11.1452, 1.0334, 2.78178
791, 11.1472, 1.03629, 2.78842
792, 11.1491, 1.03916, 2.79437
793, 11.1508, 1.04201, 2.79974
794, 11.1525, 1.04484, 2.80461
795, 11.154, 1.04763, 2.80906
796, 11.1558, 1.05031, 2.81488
797, 11.1576, 1.05299, 2.82019
798, 11.1592, 1.05567, 2.82504
799, 11.1608, 1.05833, 2.82951
800, 11.1622, 1.06097, 2.83363
801, 11.1636, 1.06359, 2.83745
802, 11.1649, 1.06617, 2.841
803, 11.1647, 1.06272, 2.84454
804, 11.1645, 1.05886, 2.84813
805, 11.1643, 1.05473, 2.85163
806, 11.1642, 1.05041, 2.85496
807, 11.1641, 1.04599, 2.85806
808, 11.164, 1.04153, 2.8609
809, 11.1641, 1.03502, 2.8661
810, 11.1642, 1.02853, 2.87086
811, 11.1644, 1.02212, 2.87518
812, 11.1647, 1.01585, 2.87908
813, 11.1649, 1.00974, 2.88258
814, 11.1652, 1.00384, 2.88572
815, 11.1655, 0.998173, 2.88851
816, 11.1658, 0.992744, 2.89098
817, 11.1661, 0.987567, 2.89317
818, 11.1663, 0.982648, 2.8951
819, 11.1666, 0.977988, 2.8968
820, 11.1668, 0.973584, 2.89828
821, 11.1671, 0.969433, 2.89957
822, 11.1673, 0.965528, 2.90068
823, 11.1675, 0.961863, 2.90164
824, 11.1677, 0.958309, 2.90255
825, 11.1678, 0.954979, 2.90333
826, 11.168, 0.951867, 2.90398
827, 11.1681, 0.948964, 2.90453
828, 11.1682, 0.94626, 2.90499
829, 11.1705, 0.935479, 2.91535
830, 11.1728, 0.924948, 2.92458
831, 11.1751, 0.914732, 2.93279
832, 11.1773, 0.904882, 2.94008
833, 11.1794, 0.895437, 2.94656
834, 11.1815, 0.886422, 2.9523
835, 11.1834, 0.877855, 2.95738
836, 11.1859, 0.868107, 2.96386
837, 11.1883, 0.858851, 2.96961
838, 11.1905, 0.850093, 2.9747
839, 11.1925, 0.841834, 2.9792
840, 11.1944, 0.834066, 2.98318
841, 11.1961, 0.826778, 2.98668
842, 11.1977, 0.819955, 2.98977
843, 11.2028, 0.806527, 3.00097
844, 11.2076, 0.793763, 3.01092
845, 11.2121, 0.781684, 3.01976
846, 11.2162, 0.770296, 3.02761
847, 11.2238, 0.754366, 3.04156
848, 11.2307, 0.739297, 3.05405
849, 11.2371, 0.7251, 3.06522
850, 11.2428, 0.711775, 3.07519
851, 11.248, 0.699308, 3.08407
852, 11.2526, 0.687679, 3.09198
853, 11.2568, 0.67686, 3.09899
854, 11.2604, 0.666817, 3.10519
855, 11.2637, 0.657516, 3.11065
856, 11.2665, 0.648919, 3.11546
857, 11.269, 0.640986, 3.11966
858, 11.2729, 0.630792, 3.12574
859, 11.2763, 0.621447, 3.13112
860, 11.2791, 0.612886, 3.13585
861, 11.2816, 0.605049, 3.13998
862, 11.2837, 0.59788, 3.14356
863, 11.2856, 0.591328, 3.14665
864, 11.2871, 0.585346, 3.1493
865, 11.2893, 0.577938, 3.15281
866, 11.2912, 0.571238, 3.15586
867, 11.2928, 0.565174, 3.15848
868, 11.2928, 0.564765, 3.15858
869, 11.2928, 0.564173, 3.15869
870, 11.2929, 0.563498, 3.15879
871, 11.2929, 0.5628, 3.15886
872, 11.2929, 0.56212, 3.1589
873, 11.2929, 0.561482, 3.15893
874, 11.2929, 0.560899, 3.15895
875, 11.293, 0.560379, 3.15895
876, 11.293, 0.559927, 3.15894
877, 11.293, 0.559543, 3.15893
878, 11.2938, 0.563658, 3.15992
879, 11.2945, 0.567154, 3.16093
880, 11.295, 0.570182, 3.16188
881, 11.2955, 0.572849, 3.16275
882, 11.2955, 0.572709, 3.16272
883, 11.2955, 0.572689, 3.16272
884, 11.2955, 0.572764, 3.16273
885, 11.2956, 0.572915, 3.16276
886, 11.2956, 0.573127, 3.16279
887, 11.2956, 0.573388, 3.16283
888, 11.2956, 0.57369, 3.16288
889, 11.2957, 0.574451, 3.16302
890, 11.2957, 0.575183, 3.16315
891, 11.2958, 0.575893, 3.16328
892, 11.2959, 0.576586, 3.16341
893, 11.2959, 0.577264, 3.16354
894, 11.296, 0.577931, 3.16366
895, 11.296, 0.576511, 3.16356
896, 11.296, 0.575339, 3.16349
897, 11.296, 0.574376, 3.16343
898, 11.296, 0.573588, 3.16339
899, 11.296, 0.572948, 3.16335
900, 11.296, 0.572436, 3.16332
901, 11.296, 0.572034, 3.16329
902, 11.2959, 0.571726, 3.16327
903, 11.2959, 0.571502, 3.16325
904, 11.2959, 0.571351, 3.16324
905, 11.2965, 0.574369, 3.16404
906, 11.2969, 0.577018, 3.16481
907, 11.2973, 0.579376, 3.16552
908, 11.2976, 0.581096, 3.166
909, 11.2978, 0.582682, 3.16644
910, 11.2981, 0.584156, 3.16685
911, 11.2983, 0.585534, 3.16723
912, 11.2984, 0.586832, 3.16758
913, 11.2986, 0.588059, 3.1679
914, 11.2988, 0.589226, 3.1682
915, 11.2989, 0.59034, 3.16848
916, 11.2991, 0.591406, 3.16875
917, 11.2995, 0.58739, 3.16905
918, 11.2998, 0.583872, 3.16938
919, 11.3, 0.580788, 3.16971
920, 11.3003, 0.578083, 3.17
921, 11.3004, 0.575707, 3.17024
922, 11.3005, 0.573618, 3.17044
923, 11.3006, 0.57467, 3.17052
924, 11.3007, 0.575589, 3.17061
925, 11.3007, 0.57641, 3.17071
926, 11.3008, 0.577158, 3.17081
927, 11.3008, 0.577854, 3.17091
928, 11.3009, 0.57851, 3.171
929, 11.3009, 0.577246, 3.17096
930, 11.3009, 0.576185, 3.17092
931, 11.3009, 0.575295, 3.17089
932, 11.3009, 0.574553, 3.17086
933, 11.3009, 0.573938, 3.17083
934, 11.3009, 0.573807, 3.17082
935, 11.3009, 0.57373, 3.17082
936, 11.3009, 0.573701, 3.17081
937, 11.3009, 0.573717, 3.17081
938, 11.3009, 0.573774, 3.17082
939, 11.3009, 0.573869, 3.17083
940, 11.3009, 0.573999, 3.17084
941, 11.3009, 0.574161, 3.17086
942, 11.3009, 0.574352, 3.17088
943, 11.3009, 0.574571, 3.17091
944, 11.3022, 0.579428, 3.17311
945, 11.3034, 0.583682, 3.17511
946, 11.3044, 0.587459, 3.17692
947, 11.3073, 0.594082, 3.18208
948, 11.3098, 0.599917, 3.18658
949, 11.312, 0.605119, 3.1905
950, 11.3139, 0.609805, 3.1939
951, 11.3156, 0.614058, 3.19687
952, 11.3171, 0.617946, 3.19945
953, 11.3184, 0.62152, 3.20172
954, 11.3196, 0.624822, 3.20371
955, 11.3207, 0.627885, 3.20547
956, 11.3217, 0.630736, 3.20703
957, 11.3262, 0.637978, 3.21569
958, 11.3301, 0.644469, 3.22304
959, 11.3336, 0.650342, 3.2293
960, 11.3367, 0.655695, 3.23467
961, 11.3394, 0.660605, 3.2393
962, 11.3418, 0.665131, 3.24332
963, 11.3439, 0.66932, 3.24683
964, 11.3482, 0.675459, 3.25486
965, 11.3519, 0.681087, 3.26168
966, 11.3552, 0.686275, 3.26754
967, 11.3582, 0.691079, 3.2726
968, 11.3636, 0.697519, 3.28336
969, 11.3684, 0.703463, 3.29243
970, 11.3726, 0.708974, 3.30018
971, 11.3764, 0.714105, 3.30684
972, 11.3797, 0.718896, 3.31262
973, 11.3827, 0.723383, 3.31766
974, 11.3853, 0.727596, 3.32209
975, 11.3877, 0.731559, 3.326
976, 11.3891, 0.734371, 3.32776
977, 11.3903, 0.737043, 3.32937
978, 11.3913, 0.739585, 3.33085
979, 11.3923, 0.742007, 3.33221
980, 11.3932, 0.744316, 3.33347
981, 11.3941, 0.746522, 3.33463
982, 11.3948, 0.748632, 3.33571
983, 11.3955, 0.750652, 3.33671
984, 11.3962, 0.75259, 3.33765
985, 11.3968, 0.754506, 3.33857
986, 11.3974, 0.756348, 3.33943
987, 11.3979, 0.758119, 3.34024
988, 11.3984, 0.759825, 3.34099
989, 11.3989, 0.761471, 3.3417
990, 11.3993, 0.76306, 3.34237
991, 11.3997, 0.764596, 3.343
992, 11.4001, 0.766083, 3.3436
993, 11.4005, 0.767525, 3.34416
994, 11.4008, 0.768923, 3.3447
995, 11.4011, 0.77028, 3.34521
996, 11.4014, 0.771601, 3.3457
997, 11.4016, 0.766411, 3.34953
998, 11.4018, 0.761436, 3.35282
999, 11.402, 0.756695, 3.35564
1000, 11.4023, 0.7522, 3.35804