480.798115,0.0,0.0,0.742,33.819,43.566,-2.35909,8.378963,47.243203,2671192.86,1232902.24,0.566,5.728171,0.00373,0.01119,-0.0016
481.798545,-0.001,-0.002,0.778,33.742,43.644,-2.36158,8.378963,47.243203,2671192.86,1232902.24,0.566,5.728171,0.01492,0.01545,-0.00266
482.799154,-0.025,0.002,0.793,33.819,43.57,-2.36106,8.378959,47.243215,2671192.54,1232903.57,0.514,5.78053,-0.02825,5.3E-4,-0.0032
483.799516,0.0,0.0,0.831,33.815,43.567,-2.3591,8.37896,47.243218,2671192.61,1232903.91,0.0,5.78053,0.02611,0.01066,-0.00373
484.799562,-0.002,0.004,0.825,33.738,43.645,-2.36257,8.378958,47.243222,2671192.45,1232904.35,0.0,5.78053,-0.01759,0.01759,0.0
485.799578,-0.049,-0.006,0.76,33.82,43.726,-2.36754,8.378955,47.243224,2671192.22,1232904.57,0.0,5.78053,0.03091,0.02078,0.00373
486.799668,-0.13,-0.026,0.752,33.826,43.584,-2.36543,8.378957,47.24323,2671192.37,1232905.24,0.0,5.78053,-0.00693,0.05223,0.01865
487.799876,-0.482,-0.115,0.749,34.049,43.796,-2.46021,8.378957,47.243233,2671192.36,1232905.57,0.0,5.78053,0.09966,0.16041,0.02825
488.799992,-0.601,-0.057,0.716,34.478,44.123,-2.56344,8.378959,47.243235,2671192.51,1232905.79,0.0,5.78053,-0.0016,0.11085,0.00906
489.799995,-0.578,-0.004,0.734,35.086,44.506,-2.59603,8.378961,47.243235,2671192.66,1232905.8,0.0,5.78053,0.00959,0.02451,-0.00533
490.800032,-0.544,0.067,0.735,35.553,44.797,-2.56255,8.378965,47.243236,2671192.96,1232905.91,0.0,5.78053,-0.03357,-0.08474,-0.04104
491.800055,-0.478,0.089,0.721,36.058,45.153,-2.46329,8.37897,47.243237,2671193.34,1232906.03,0.0,5.78053,0.01919,-0.06662,-0.01439
492.800251,-0.238,0.015,0.807,36.371,45.424,-2.39942,8.378973,47.243239,2671193.57,1232906.25,0.0,5.78053,-0.04317,-0.01705,-0.00853
493.800266,-0.045,0.009,0.81,36.5,45.546,-2.38221,8.378975,47.24324,2671193.72,1232906.36,0.0,5.78053,0.02345,0.0032,-0.00533
494.800326,0.003,0.006,0.756,36.5,45.549,-2.37846,8.378953,47.243255,2671192.03,1232908.01,0.0,5.78053,-0.00213,0.01119,-0.00426
495.800348,0.001,-0.002,0.783,36.473,45.524,-2.37902,8.378935,47.243266,2671190.65,1232909.22,0.0,5.78053,-0.12204,0.01812,0.08154
496.800522,-0.003,0.009,0.765,36.545,45.446,-2.37821,8.378919,47.243276,2671189.43,1232910.32,0.0,5.78053,-0.02451,0.01705,0.00906
497.800709,0.0,0.0,0.856,36.47,45.525,-2.38071,8.378904,47.243283,2671188.28,1232911.08,0.0,5.78053,-0.00799,-0.00266,-0.01545
498.800739,-0.002,0.004,0.824,36.543,45.448,-2.37772,8.378894,47.24329,2671187.52,1232911.85,0.0,5.78053,-5.3E-4,0.01119,-0.00959
499.801678,-0.048,-0.004,0.731,36.468,45.527,-2.38095,8.378884,47.243296,2671186.75,1232912.51,0.0,5.78053,-0.06342,0.0064,-5.3E-4
500.802515,-0.001,-0.002,0.728,36.471,45.532,-2.3755,8.378876,47.243303,2671186.14,1232913.28,0.0,5.78053,-0.00853,0.01972,-0.00373
501.802792,0.187,0.013,0.772,36.468,45.529,-2.37237,8.378867,47.243309,2671185.45,1232913.94,0.0,5.78053,-0.05915,-0.081,-0.04583
502.802797,1.971,0.517,0.734,35.769,44.618,-2.09651,8.37886,47.243312,2671184.91,1232914.26,0.0,5.78053,0.16521,-0.60594,-0.19345
503.802934,3.198,0.526,0.818,35.084,42.101,-1.5653,8.378857,47.243314,2671184.68,1232914.48,0.0,5.78053,-0.06129,-0.54891,-0.03997
504.802949,3.932,0.604,0.818,36.082,38.502,-0.9756,8.378853,47.243316,2671184.38,1232914.7,0.0,5.78053,0.30643,-0.30323,0.06129
505.803165,4.191,1.187,0.724,39.564,36.242,0.00292,8.37884,47.243318,2671183.39,1232914.91,0.0,5.78053,-0.1732,-1.78796,-0.90011
506.803206,4.182,0.578,0.737,43.187,38.599,1.02073,8.378838,47.243317,2671183.24,1232914.8,0.617,2.459169,0.21743,-0.48603,-0.16947
507.803211,4.578,0.074,0.814,44.955,42.899,1.32977,8.378842,47.243314,2671183.55,1232914.47,0.617,2.422517,0.01226,-0.01066,0.03038
508.803312,4.825,0.017,0.863,46.107,47.549,1.33968,8.378844,47.243313,2671183.7,1232914.36,0.566,2.41379,-0.10285,-0.17213,-0.16574
509.803453,4.99,-0.052,0.807,47.511,52.627,1.29419,8.378844,47.243313,2671183.7,1232914.36,0.463,2.392846,0.23342,0.21264,0.07621
510.803483,4.911,-1.146,0.82,49.875,57.074,0.69621,8.378847,47.243312,2671183.93,1232914.25,0.463,2.281145,-0.11778,1.37175,0.33681
511.803617,4.806,-1.207,0.827,54.847,57.421,-0.57625,8.378855,47.243313,2671184.53,1232914.37,0.514,2.000147,0.2558,1.63928,0.4354
512.803671,4.791,-0.998,0.84,56.65,52.863,-1.68153,8.378852,47.243321,2671184.3,1232915.26,0.617,1.867502,-0.44872,0.92409,0.07568
513.803748,4.773,-0.743,0.841,53.457,49.431,-2.93153,8.378862,47.243319,2671185.06,1232915.04,0.772,1.837832,-0.06129,0.84948,0.30856
514.804593,3.945,0.183,0.813,48.613,49.374,-3.09693,8.378863,47.243323,2671185.13,1232915.49,0.772,1.738348,0.59741,0.11938,0.16521
515.804991,3.74,0.078,0.865,44.813,49.067,-2.98595,8.378853,47.243344,2671184.34,1232917.82,0.514,1.603958,-0.9145,0.06502,-0.06821
516.805555,3.908,0.441,0.807,40.619,48.358,-2.84195,8.378849,47.243353,2671184.03,1232918.81,0.617,1.452114,-0.00373,-0.45991,-0.03464
517.805807,2.765,2.476,0.748,37.06,46.196,-2.30366,8.378842,47.243362,2671183.49,1232919.81,0.72,6.133087,-0.80898,-0.61606,-0.03944
518.805814,-0.001,0.002,0.057,38.609,42.975,-1.31436,8.378806,47.243346,2671180.78,1232918.0,0.875,6.044075,0.41675,0.09113,0.01812
519.806147,-0.001,-0.002,0.068,38.573,43.198,-1.34673,8.378798,47.243348,2671180.17,1232918.21,0.875,5.965535,0.00213,0.00799,-0.0032
520.806272,-0.001,-0.002,0.07,38.136,43.073,-1.32616,8.378793,47.243349,2671179.79,1232918.32,0.875,5.895722,0.0048,0.01279,-0.00586
521.806378,-0.002,-0.004,0.073,38.27,43.146,-1.33579,8.378792,47.24335,2671179.72,1232918.43,0.772,5.340708,0.02611,0.02078,0.00586
522.807244,0.002,-0.004,0.067,38.309,43.237,-1.32658,8.378791,47.243352,2671179.64,1232918.65,0.772,5.422738,-0.00853,0.01972,-5.3E-4
523.807906,0.001,0.002,0.065,38.124,43.115,-1.32797,8.378789,47.243352,2671179.49,1232918.65,0.669,5.443682,0.0032,0.01386,-0.00533
524.808179,-0.001,-0.002,0.067,38.132,43.053,-1.32455,8.378786,47.243353,2671179.26,1232918.76,0.669,5.422738,0.00853,0.01705,-0.00426
525.808312,0.004,0.004,0.064,38.467,43.062,-1.32611,8.378786,47.243354,2671179.26,1232918.87,0.617,5.452409,0.0048,0.01386,-0.0032
526.808645,0.0,-0.004,0.065,39.475,44.241,-1.32285,8.378784,47.243357,2671179.1,1232919.2,0.617,5.457645,-0.00213,0.01332,-0.00373
527.808739,-0.003,0.002,0.065,39.604,44.021,-1.35177,8.378785,47.24336,2671179.17,1232919.53,0.566,5.59029,0.0032,0.01172,-0.0048
528.809757,-0.003,0.002,0.065,39.452,44.327,-1.32302,8.378785,47.243364,2671179.17,1232919.98,0.566,5.665339,0.00107,0.01172,0.0048
529.810309,0.003,-0.006,0.061,39.624,44.094,-1.33007,8.378787,47.243367,2671179.31,1232920.31,0.514,5.825909,0.00373,0.01172,0.00107
530.810348,-0.001,-0.002,0.063,38.645,43.153,-1.31804,8.37879,47.243369,2671179.54,1232920.54,0.514,5.991715,0.00213,0.01545,-0.00426
531.810461,0.0,-0.004,0.068,38.605,43.065,-1.3164,8.378792,47.243371,2671179.69,1232920.76,0.463,6.161012,0.0064,0.01226,-0.00373
532.810541,-0.001,-0.002,0.067,38.762,43.287,-1.31123,8.378793,47.243374,2671179.76,1232921.1,0.463,6.251769,0.0032,0.01332,-0.00213
533.810544,0.0,0.0,0.063,38.471,43.355,-1.32055,8.378795,47.243375,2671179.91,1232921.21,0.463,6.270968,0.0048,0.01332,-0.00586
534.810763,0.0,0.0,0.072,38.6,42.99,-1.31683,8.378795,47.243371,2671179.91,1232920.76,0.0,6.270968,0.00373,0.01332,-0.0048
535.810907,-0.001,-0.002,0.071,38.452,43.031,-1.32469,8.378795,47.243366,2671179.92,1232920.21,0.0,6.270968,0.01172,0.01013,-0.00266
536.812094,0.0,0.0,0.072,38.471,43.333,-1.32715,8.378796,47.243362,2671180.0,1232919.76,0.0,6.270968,0.00799,0.01599,-0.00266
537.81276,0.001,0.002,0.07,38.593,43.194,-1.33861,8.378799,47.243364,2671180.23,1232919.99,0.0,6.270968,0.00266,0.01279,-0.00426
538.812938,-0.003,0.006,0.07,38.403,43.114,-1.33386,8.378801,47.243367,2671180.37,1232920.33,0.0,6.270968,-0.02078,0.0,-0.00586
539.813074,0.0,0.0,0.072,38.15,43.084,-1.31952,8.378801,47.24337,2671180.37,1232920.66,0.0,6.270968,0.0,0.01332,0.0
540.81318,-0.001,-0.002,0.067,38.427,43.059,-1.31093,8.378804,47.243372,2671180.6,1232920.88,0.0,6.270968,0.0,0.01439,-0.0016
541.81322,0.003,0.006,0.073,38.611,43.143,-1.33888,8.378774,47.243386,2671178.31,1232922.41,0.0,6.270968,-0.00107,0.01972,0.01119
542.813356,-0.001,-0.002,0.075,38.179,43.11,-1.32161,8.378775,47.24339,2671178.38,1232922.86,0.0,6.270968,0.00373,0.01439,-0.00426
543.813775,0.0,0.0,0.069,38.448,42.586,-1.31513,8.378777,47.243394,2671178.52,1232923.31,0.0,6.270968,-0.02451,0.02665,-0.01919
544.814631,-0.002,0.004,0.066,38.502,43.26,-1.34719,8.378759,47.24341,2671177.14,1232925.07,0.514,6.257005,0.07035,0.03038,-0.00213
545.814664,0.003,0.002,0.061,38.369,43.196,-1.32816,8.378746,47.24342,2671176.14,1232926.17,0.566,6.250024,0.0064,0.01545,-0.00426
546.81546,0.0,0.0,0.064,38.175,43.003,-1.30915,8.378747,47.243426,2671176.21,1232926.84,0.566,0.024435,0.01652,0.01599,-0.00693
547.815581,-0.006,-0.004,0.078,38.14,43.044,-1.32881,8.378747,47.243429,2671176.2,1232927.17,0.566,6.239552,0.03038,0.01652,-5.3E-4
548.815678,-0.001,0.002,0.054,38.379,42.732,-1.31867,8.378748,47.243432,2671176.28,1232927.5,0.566,6.230825,-0.02718,0.01492,-0.00799
549.815733,0.034,0.004,0.069,38.265,43.081,-1.33895,8.378753,47.243425,2671176.66,1232926.73,0.463,6.243043,-0.04636,-0.00107,-0.01865
550.815758,-0.01,-0.007,0.083,38.35,43.079,-1.32131,8.378756,47.243419,2671176.9,1232926.07,0.0,6.243043,0.01865,0.01759,-0.0032
551.815782,0.0,0.0,0.077,38.146,43.133,-1.31966,8.378761,47.243414,2671177.28,1232925.51,0.0,6.243043,0.0032,0.01545,-0.0048
552.815838,0.229,0.069,0.075,38.287,43.089,-1.30819,8.378766,47.243409,2671177.67,1232924.96,0.0,6.243043,-0.03091,-0.06075,-0.00266
553.81622,0.046,0.033,0.071,38.375,42.943,-1.27035,8.37877,47.243401,2671177.98,1232924.08,0.0,6.243043,-0.05756,-0.00959,-0.00213
554.816848,0.214,0.07,0.068,38.309,42.817,-1.23245,8.378772,47.243392,2671178.15,1232923.08,0.0,6.243043,0.01545,-0.04956,-0.01919
555.817459,0.247,0.08,0.07,38.578,42.62,-1.17037,8.378774,47.243388,2671178.3,1232922.64,0.0,6.243043,0.00799,-0.1279,-0.10765
556.817842,0.017,0.009,0.072,38.354,42.526,-1.13954,8.37877,47.243389,2671178.0,1232922.74,0.0,6.243043,0.20198,-0.03571,-0.06502
557.818005,0.0,0.0,0.069,38.5,42.683,-1.14855,8.378765,47.243394,2671177.61,1232923.29,0.0,6.243043,0.0032,0.01119,-0.00107
558.818122,0.0,0.0,0.075,38.238,42.398,-1.13778,8.378761,47.243396,2671177.31,1232923.51,0.0,6.243043,0.0016,0.01332,-0.00266
559.818207,0.0,0.0,0.066,39.872,43.378,-1.14806,8.378758,47.243397,2671177.08,1232923.62,0.0,6.243043,0.0064,0.01172,-0.00426
560.818312,0.0,0.0,0.067,39.7,43.379,-1.13437,8.378756,47.243398,2671176.93,1232923.73,0.0,6.243043,0.0,0.01332,-0.00586
561.818329,0.0,0.0,0.069,39.505,43.432,-1.15479,8.378753,47.243399,2671176.7,1232923.84,0.0,6.243043,0.0032,0.01545,-0.00213
562.818474,0.0,0.0,0.068,38.401,42.496,-1.14426,8.378749,47.243401,2671176.39,1232924.06,0.0,6.243043,0.00799,-0.01119,-0.0405
563.818484,0.0,0.0,0.08,38.587,42.558,-1.15369,8.378744,47.243402,2671176.01,1232924.16,0.0,6.243043,0.0048,0.01013,-0.00586
564.818495,0.0,0.0,0.064,38.297,42.426,-1.13203,8.37874,47.243402,2671175.71,1232924.16,0.0,6.243043,0.00426,0.01386,-0.00373
565.818524,-0.001,0.002,0.072,38.486,42.643,-1.14427,8.378735,47.243403,2671175.33,1232924.27,0.0,6.243043,0.00426,0.01386,-0.0048
566.818602,0.0,0.0,0.068,38.483,42.367,-1.14415,8.37873,47.243402,2671174.95,1232924.15,0.0,6.243043,0.00426,0.01172,-0.0048
567.818634,0.0,0.0,0.084,38.597,42.242,-1.16748,8.378725,47.243399,2671174.58,1232923.81,0.0,6.243043,0.00693,0.01279,-0.00693
568.818733,-0.001,0.002,0.078,38.39,42.31,-1.15065,8.37872,47.243397,2671174.2,1232923.59,0.0,6.243043,-0.0016,0.01545,-0.00693
569.818756,0.002,-0.004,0.093,38.721,42.168,-1.12366,8.378715,47.243397,2671173.82,1232923.58,0.0,6.243043,-0.01013,0.02398,-0.0048
570.818912,0.001,-0.002,0.101,38.385,42.444,-1.1421,8.378708,47.243397,2671173.29,1232923.58,0.0,6.243043,0.00426,0.01759,-0.00746
571.819095,0.001,-0.002,0.089,38.255,42.316,-1.12756,8.378701,47.243398,2671172.76,1232923.68,0.0,6.243043,0.07088,0.02398,0.02025
572.81913,0.002,0.0,0.099,38.345,42.465,-1.14432,8.378698,47.243401,2671172.53,1232924.01,0.0,6.243043,-0.0064,0.00799,-0.00693
573.819194,0.0,0.0,0.097,38.817,42.22,-1.13065,8.378695,47.243404,2671172.3,1232924.34,0.0,6.243043,0.00266,0.00373,-0.00533
574.819271,0.0,0.0,0.088,38.794,42.38,-1.12763,8.378692,47.243408,2671172.07,1232924.78,0.0,6.243043,0.0016,0.01492,-0.00533
575.819395,0.0,0.0,0.1,38.491,42.473,-1.14127,8.378689,47.243414,2671171.83,1232925.45,0.0,6.243043,0.0032,0.01439,-0.00533
576.819429,0.0,0.0,0.079,38.372,42.258,-1.13374,8.378686,47.243414,2671171.61,1232925.45,0.0,6.243043,0.00533,0.01119,-0.0048
577.819473,0.0,0.0,0.096,38.454,42.521,-1.14225,8.378679,47.24341,2671171.08,1232924.99,0.0,6.243043,0.0016,0.01119,-0.00533
578.819503,0.0,0.0,0.1,38.349,42.424,-1.142,8.378674,47.243406,2671170.71,1232924.55,0.0,6.243043,0.00213,0.01386,-0.0016
579.819579,0.0,0.0,0.09,38.388,42.42,-1.12847,8.378672,47.243408,2671170.55,1232924.77,0.0,6.243043,0.0064,0.01439,-0.0048
580.820061,0.0,0.0,0.1,38.391,42.413,-1.136,8.378673,47.243407,2671170.63,1232924.66,0.0,6.243043,0.0016,0.01332,-0.00586
581.820625,0.0,0.0,0.091,38.581,42.569,-1.14091,8.378675,47.243408,2671170.78,1232924.77,0.0,6.243043,0.00266,0.01279,-0.00586
582.821254,0.0,0.0,0.094,38.317,42.507,-1.14473,8.378678,47.243409,2671171.01,1232924.88,0.0,6.243043,0.00426,0.01172,-0.00693
583.821631,0.0,0.0,0.092,38.39,42.383,-1.13366,8.378682,47.24341,2671171.31,1232925.0,0.0,6.243043,0.0032,0.01386,-0.00586
584.821702,0.0,0.0,0.089,38.347,42.39,-1.14231,8.378684,47.243411,2671171.46,1232925.11,0.0,6.243043,0.0032,0.01226,-0.00693
585.821755,0.0,0.0,0.096,38.495,42.348,-1.14012,8.378685,47.243409,2671171.54,1232924.89,0.0,6.243043,0.00266,0.01172,-0.0064
586.821871,0.0,0.0,0.0,38.865,42.177,-1.19395,8.378685,47.243403,2671171.54,1232924.22,0.0,6.243043,0.00799,0.01172,-0.00426
587.821997,0.0,0.0,0.0,38.865,42.177,-1.19393,8.378686,47.243398,2671171.63,1232923.67,0.0,6.243043,0.05596,0.0469,0.04743
588.822484,0.0,0.0,0.0,38.865,42.177,-1.19393,8.378686,47.243392,2671171.64,1232923.0,0.0,6.243043,0.00746,0.01759,-0.00533
589.82298,0.0,0.0,0.085,38.396,42.275,-1.14349,8.378687,47.243387,2671171.72,1232922.45,0.0,6.243043,5.3E-4,0.01705,-0.0048
590.822981,0.0,0.0,0.095,38.637,42.501,-1.17033,8.37869,47.243381,2671171.95,1232921.78,0.0,6.243043,0.0032,0.01119,-0.00693
591.823121,0.0,0.0,0.084,38.542,42.505,-1.13917,8.378693,47.243379,2671172.18,1232921.56,0.0,6.243043,0.00586,0.01386,-0.00266
592.823752,0.0,0.0,0.094,38.482,42.447,-1.13392,8.378695,47.243377,2671172.34,1232921.34,0.0,6.243043,0.00266,0.01332,-0.00373
593.824287,0.0,0.0,0.0,38.256,42.502,-1.14121,8.3787,47.243378,2671172.71,1232921.46,0.0,6.243043,0.00213,0.01332,-0.0048
594.824342,0.0,0.0,0.0,38.256,42.502,-1.14123,8.378704,47.243379,2671173.02,1232921.57,0.0,6.243043,-0.00853,0.01386,-0.0032
595.824387,0.0,0.0,0.0,38.256,42.502,-1.14126,8.378708,47.243381,2671173.32,1232921.8,0.0,6.243043,0.00533,0.01599,-0.00693
596.824522,0.0,0.0,0.0,38.256,42.502,-1.14124,8.378713,47.243384,2671173.69,1232922.14,0.0,6.243043,0.00906,0.01119,-0.0016
597.824526,0.0,0.0,0.0,38.256,42.502,-1.14123,8.378717,47.243385,2671173.99,1232922.25,0.0,6.243043,5.3E-4,0.01599,-5.3E-4
598.824567,0.0,0.0,0.0,38.523,42.406,-1.14824,8.378715,47.243385,2671173.84,1232922.25,0.0,6.243043,0.0048,0.01652,-0.00373
599.824672,0.0,0.0,0.0,38.388,42.476,-1.13537,8.378712,47.243382,2671173.62,1232921.91,0.0,6.243043,0.01439,0.01812,0.0
600.824705,0.0,0.0,0.0,38.738,42.38,-1.17094,8.378711,47.243378,2671173.55,1232921.47,0.0,6.243043,-0.00373,0.00746,-0.00959
601.824732,0.0,0.0,0.0,38.736,42.379,-1.15585,8.37871,47.243375,2671173.47,1232921.13,0.0,6.243043,-0.00107,0.01705,-0.0016
602.82482,0.0,0.0,0.0,38.727,42.373,-1.15158,8.378709,47.243371,2671173.4,1232920.69,0.0,6.243043,0.00586,0.01172,-0.00533
603.82507,0.0,0.0,0.0,38.453,42.251,-1.15227,8.378711,47.243371,2671173.56,1232920.69,0.0,6.243043,0.00586,0.01226,-0.0048
604.825087,0.0,0.0,0.0,38.453,42.251,-1.15225,8.378713,47.243372,2671173.71,1232920.8,0.0,6.243043,0.00586,0.01279,-0.00266
605.825213,0.0,0.0,0.0,38.453,42.251,-1.15225,8.378716,47.243376,2671173.93,1232921.25,0.0,6.243043,0.0032,0.01172,-0.00693
606.825854,0.0,0.0,0.0,38.742,42.57,-1.1596,8.378715,47.243379,2671173.85,1232921.58,0.0,6.243043,0.00373,0.01119,-0.00586
607.826473,0.0,0.0,0.0,38.566,42.485,-1.1571,8.378715,47.24338,2671173.85,1232921.69,0.0,6.243043,0.00373,0.01439,-0.00533
608.827108,0.0,0.0,0.0,38.566,42.485,-1.1571,8.378715,47.24338,2671173.85,1232921.69,0.0,6.243043,-5.3E-4,0.01599,-0.00426
609.827471,0.0,0.0,0.0,38.566,42.485,-1.1571,8.378715,47.243383,2671173.84,1232922.03,0.0,6.243043,0.00906,0.01652,-0.00426
610.82751,0.0,0.0,0.0,38.566,42.485,-1.1571,8.378717,47.243386,2671173.99,1232922.36,0.0,6.243043,0.01386,0.01652,0.00107
611.827653,0.0,0.0,0.0,38.913,42.44,-1.16723,8.378717,47.243389,2671173.99,1232922.69,0.0,6.243043,0.0016,0.01386,-0.00426
612.828355,0.0,0.0,0.0,38.913,42.44,-1.16723,8.378718,47.243391,2671174.06,1232922.92,0.0,6.243043,-5.3E-4,0.01386,-0.00266
613.829011,0.0,0.0,0.076,38.541,42.507,-1.14216,8.37872,47.243395,2671174.21,1232923.36,0.0,6.243043,0.0032,0.01705,-0.00586
614.829046,0.0,0.0,0.079,38.364,42.475,-1.14708,8.378719,47.243396,2671174.13,1232923.47,0.0,6.243043,0.00107,0.01545,-0.00213
615.829166,0.0,0.0,0.082,38.354,42.542,-1.13934,8.378714,47.243399,2671173.75,1232923.8,0.0,6.243043,0.00266,0.01226,-0.00266
616.829629,0.0,0.0,0.078,38.392,42.412,-1.1286,8.378709,47.243405,2671173.36,1232924.47,0.0,6.243043,5.3E-4,0.01705,-0.00373
617.829839,0.0,0.0,0.078,38.49,42.481,-1.14071,8.378709,47.243411,2671173.35,1232925.13,0.0,6.243043,0.00266,0.01599,-0.00426
618.829903,0.0,0.0,0.078,38.583,42.482,-1.14182,8.378714,47.243416,2671173.72,1232925.69,0.0,6.243043,0.0048,0.01332,-0.00373
619.830145,0.0,0.0,0.072,38.36,42.444,-1.13373,8.378719,47.243419,2671174.1,1232926.03,0.0,6.243043,5.3E-4,0.01386,-0.0032
620.830233,0.0,0.0,0.069,38.688,42.458,-1.13243,8.378721,47.243419,2671174.25,1232926.03,0.0,6.243043,0.0016,0.01439,-0.00266
621.83032,0.0,0.0,0.09,38.533,42.352,-1.14528,8.378721,47.24342,2671174.25,1232926.14,0.0,6.243043,0.00373,0.01439,-0.00533
622.830332,0.0,0.0,0.08,38.623,42.471,-1.13614,8.378723,47.243422,2671174.4,1232926.37,0.0,6.243043,0.00266,0.01226,-0.00426
623.830395,0.0,0.0,0.079,38.488,42.378,-1.1423,8.378728,47.243423,2671174.77,1232926.48,0.0,6.243043,0.0032,0.01439,-0.00586
624.830398,0.0,0.0,0.082,38.404,42.412,-1.13745,8.378736,47.243427,2671175.37,1232926.94,0.0,6.243043,0.00266,0.01226,-0.0048
625.830407,0.0,0.0,0.084,38.989,42.527,-1.18522,8.378742,47.243428,2671175.83,1232927.05,0.0,6.243043,0.00213,0.01332,-0.00426
626.830472,0.0,0.0,0.082,38.674,42.387,-1.13788,8.378745,47.243429,2671176.05,1232927.17,0.0,6.243043,0.00373,0.01172,-0.0048
627.830701,0.0,0.0,0.08,38.349,42.396,-1.13959,8.378746,47.24343,2671176.13,1232927.28,0.0,6.243043,0.0048,0.01332,-0.00586
628.830725,0.0,0.0,0.085,38.659,42.547,-1.13804,8.37875,47.243432,2671176.43,1232927.51,0.0,6.243043,0.00373,0.01172,-0.0048
629.830941,0.0,0.0,0.096,38.849,42.204,-1.12516,8.378752,47.243436,2671176.57,1232927.95,0.0,6.243043,0.00107,0.01599,-0.0032
630.831001,0.0,0.0,0.086,38.527,42.328,-1.12813,8.378752,47.243442,2671176.57,1232928.62,0.0,6.243043,0.00266,0.01226,-0.0048
631.831136,0.0,0.0,0.095,38.819,42.239,-1.12007,8.378751,47.243448,2671176.48,1232929.28,0.0,6.243043,0.0032,0.01386,-0.00373
632.831152,0.0,0.0,0.081,38.695,41.952,-1.12166,8.378752,47.243453,2671176.55,1232929.84,0.0,6.243043,0.00107,0.01386,-0.00373
633.831153,0.0,0.0,0.081,38.494,42.351,-1.16376,8.378755,47.243458,2671176.77,1232930.4,0.0,6.243043,0.0048,0.01386,-0.00373
634.83131,0.0,0.0,0.088,38.45,42.521,-1.14099,8.378756,47.243461,2671176.84,1232930.73,0.0,6.243043,0.00213,0.01226,-0.0064
635.831502,0.0,0.0,0.088,38.45,42.521,-1.14099,8.378754,47.24346,2671176.69,1232930.62,0.0,6.243043,0.00266,0.01386,-0.00586
636.831916,0.0,0.0,0.088,38.45,42.521,-1.14099,8.378753,47.243459,2671176.62,1232930.51,0.0,6.243043,0.00426,0.01386,-0.00426
637.832449,0.0,0.0,0.088,38.45,42.521,-1.14102,8.37877,47.243449,2671177.92,1232929.41,0.0,6.243043,0.00213,0.01652,-0.00266
638.832793,0.0,0.0,0.088,38.45,42.521,-1.14102,8.378784,47.243442,2671178.99,1232928.65,0.0,6.243043,0.00213,0.01226,-0.0032
639.833562,0.0,0.0,0.088,38.45,42.521,-1.14108,8.378797,47.243436,2671179.98,1232927.99,0.566,1.855285,0.0032,0.01599,-0.0048
640.833641,0.0,0.0,0.088,38.45,42.521,-1.14108,8.378806,47.243429,2671180.67,1232927.22,0.566,2.003638,0.0048,0.01492,-0.00533
641.833671,0.0,0.0,0.088,38.45,42.521,-1.14108,8.378816,47.243426,2671181.43,1232926.9,0.669,1.946042,0.0016,0.01439,-0.0048
642.833804,0.0,0.0,0.088,38.45,42.521,-1.14108,8.378819,47.243424,2671181.66,1232926.68,0.669,1.968731,0.0032,0.01386,-0.00533
643.833824,0.0,0.0,0.088,38.45,42.521,-1.14113,8.37882,47.243425,2671181.74,1232926.79,0.669,1.968731,0.0016,0.01599,-0.0064
644.833972,0.0,0.0,1.0,36.056,42.228,-1.90829,8.378819,47.243425,2671181.66,1232926.79,0.669,2.029818,0.00373,0.01545,-0.00426
645.834044,0.0,0.0,1.0,35.435,43.632,-1.96596,8.37882,47.243423,2671181.74,1232926.57,0.669,2.143264,0.0048,0.01439,-0.00373
646.83427,0.0,0.0,1.0,35.36,43.763,-1.96662,8.378814,47.243428,2671181.28,1232927.12,0.514,2.241003,0.0016,0.01439,-0.00373
647.835096,0.0,0.0,1.0,35.36,43.763,-1.9666,8.378808,47.243431,2671180.82,1232927.45,0.514,2.373648,0.0032,0.01545,-0.00266
648.835788,0.0,0.0,0.757,35.259,43.805,-1.96961,8.378799,47.243435,2671180.13,1232927.88,0.0,2.373648,0.00426,0.01226,-0.0032
649.835804,0.0,0.0,0.717,35.4,43.863,-1.9719,8.378793,47.243436,2671179.68,1232927.99,0.0,2.373648,0.00373,0.01599,-0.0016
650.83584,0.0,0.0,0.703,35.257,43.806,-1.9686,8.378787,47.243439,2671179.22,1232928.32,0.0,2.373648,0.00213,0.01279,-0.0048
651.836357,0.0,0.0,0.723,35.398,43.864,-1.97086,8.378778,47.24344,2671178.54,1232928.42,0.0,2.373648,0.00799,0.01226,-0.00373
652.836609,0.0,0.0,0.719,35.354,43.766,-1.96743,8.378771,47.243438,2671178.01,1232928.19,0.0,2.373648,0.00586,0.01439,-0.00373
653.836749,0.0,0.0,0.715,35.396,43.866,-1.9698,8.378765,47.243435,2671177.56,1232927.85,0.0,2.373648,0.0032,0.01386,-0.0064
654.836873,0.0,0.0,0.681,35.353,43.767,-1.96646,8.378757,47.243436,2671176.95,1232927.96,0.0,2.373648,0.00426,0.01492,-0.0064
655.836935,0.0,0.0,0.718,35.351,43.767,-1.96869,8.378751,47.243435,2671176.5,1232927.84,0.0,2.373648,0.0016,0.01599,-0.00586
656.836938,0.0,0.0,0.668,35.392,43.867,-1.97036,8.378746,47.243435,2671176.12,1232927.83,0.0,2.373648,0.0016,0.01226,-0.00533
657.837,0.0,0.0,0.746,35.349,43.768,-1.96771,8.378743,47.243437,2671175.89,1232928.05,0.0,2.373648,0.00426,0.01172,-0.00533
658.837077,0.0,0.0,0.735,35.348,43.768,-1.96929,8.37874,47.243438,2671175.66,1232928.16,0.0,2.373648,0.0016,0.01705,0.00533
659.837085,0.0,0.0,0.682,35.347,43.769,-1.96705,8.378734,47.243438,2671175.21,1232928.16,0.0,2.373648,-0.00853,0.00906,-0.00799
660.837286,0.0,0.0,0.732,35.388,43.869,-1.96894,8.378728,47.243438,2671174.75,1232928.15,0.0,2.373648,0.01013,0.01652,-0.00959
661.837299,0.0,0.0,0.695,35.387,43.869,-1.97076,8.378723,47.243435,2671174.38,1232927.81,0.0,2.373648,0.00746,0.02078,-0.0048
662.837318,0.0,0.0,0.753,35.386,43.87,-1.96781,8.378717,47.243434,2671173.93,1232927.7,0.0,2.373648,-0.00799,0.01226,-0.00693
663.837461,0.0,0.0,0.707,35.385,43.87,-1.96954,8.378709,47.243431,2671173.32,1232927.36,0.514,4.862487,-0.00426,-0.0032,-0.01759
664.837559,0.0,0.0,0.709,35.342,43.771,-1.96612,8.378703,47.243428,2671172.87,1232927.02,0.514,4.825835,0.00906,0.01545,-0.00213
665.837607,0.0,0.0,0.773,35.383,43.871,-1.96852,8.378697,47.243427,2671172.42,1232926.9,0.514,4.843289,0.00533,0.00799,-0.0064
666.83763,0.0,0.0,0.75,35.382,43.871,-1.97026,8.378693,47.243425,2671172.12,1232926.68,0.514,4.743805,-0.01972,0.01386,-0.00213
667.837659,-0.001,-0.002,0.723,35.339,43.772,-1.96748,8.378689,47.243424,2671171.82,1232926.56,0.514,4.728097,0.00533,0.01332,-0.00586
668.837757,-0.001,-0.002,0.727,35.38,43.872,-1.97036,8.378682,47.243422,2671171.29,1232926.33,0.514,4.598943,0.00213,0.03357,-0.00213
669.837985,0.001,0.002,0.726,35.336,43.773,-1.96597,8.378674,47.243422,2671170.69,1232926.32,0.514,4.612905,0.0,0.01652,0.0064
670.83799,0.003,-0.006,0.724,35.335,43.774,-1.96833,8.378667,47.243423,2671170.16,1232926.43,0.669,4.635594,0.00586,0.01172,-0.00533
671.83804,0.001,-0.002,0.749,35.376,43.874,-1.97111,8.378658,47.243423,2671169.47,1232926.42,0.72,4.654793,-0.0048,0.01865,0.0
672.838148,0.001,-0.002,0.711,35.375,43.874,-1.96784,8.378653,47.243423,2671169.1,1232926.42,0.669,4.66701,0.01066,0.01386,-0.00426
673.838238,-0.001,-0.002,0.75,35.374,43.875,-1.97009,8.378648,47.243423,2671168.72,1232926.41,0.669,4.776966,-0.0016,0.01599,-0.00107
674.838363,-0.001,-0.002,0.738,35.33,43.776,-1.96673,8.378642,47.243423,2671168.26,1232926.41,0.669,4.790929,0.03624,0.01332,-0.01492
675.838365,0.001,-0.002,0.748,35.329,43.776,-1.96894,8.378638,47.243423,2671167.96,1232926.4,0.669,4.822345,0.0064,0.01759,-0.0048
676.838519,0.0,0.0,0.704,35.37,43.876,-1.97124,8.378639,47.243422,2671168.04,1232926.29,0.617,4.794419,0.0016,0.01919,-0.02451
677.838635,-0.001,0.002,0.72,35.327,43.777,-1.96779,8.378639,47.243421,2671168.04,1232926.18,0.514,4.803146,5.3E-4,0.01439,-0.0016
678.838824,-0.004,-0.004,0.683,35.326,43.777,-1.96452,8.378645,47.243417,2671168.5,1232925.74,0.514,4.77173,5.3E-4,0.01226,-0.0064
679.839819,-0.001,0.002,0.695,35.325,43.778,-1.96672,8.378657,47.243412,2671169.41,1232925.2,0.0,4.77173,0.00266,0.01386,-0.00426
680.840487,-0.001,0.002,0.751,35.324,43.778,-1.96882,8.378661,47.243409,2671169.72,1232924.87,0.0,4.77173,0.00107,0.01439,-0.0048
681.840744,0.001,-0.002,0.73,35.365,43.878,-1.97107,8.378663,47.243407,2671169.87,1232924.65,0.0,4.77173,0.00213,0.01439,-0.00373
682.840774,-0.001,0.002,0.754,35.322,43.779,-1.96821,8.378672,47.243402,2671170.56,1232924.1,0.0,4.77173,0.0048,0.01066,-0.00533
683.840782,0.0,0.0,0.693,35.363,43.879,-1.96993,8.378677,47.243397,2671170.95,1232923.55,0.0,4.77173,0.0016,0.01279,-0.00426
684.840936,0.0,0.0,0.78,35.32,43.78,-1.96654,8.378683,47.243392,2671171.41,1232923.0,0.0,4.77173,0.00373,0.01226,-0.0048
685.841067,0.0,0.0,0.698,35.361,43.88,-1.96904,8.378686,47.243389,2671171.64,1232922.67,0.0,4.77173,0.0016,0.01439,-0.00533
686.841073,0.0,0.0,0.703,35.318,43.781,-1.96631,8.37869,47.243386,2671171.95,1232922.34,0.0,4.77173,0.0032,0.01226,-0.00373
687.841215,-0.001,0.002,0.705,35.359,43.88,-1.96874,8.378693,47.243384,2671172.18,1232922.12,0.0,4.77173,0.00373,0.01013,-0.0048
688.841463,0.0,0.0,0.756,35.359,43.881,-1.97245,8.378696,47.243381,2671172.41,1232921.79,0.0,4.77173,-0.00373,0.01172,-0.00213
689.842208,-0.006,0.0,0.787,35.356,43.877,-1.97116,8.3787,47.243379,2671172.71,1232921.57,0.0,4.77173,0.00853,0.01279,-0.00426
690.843013,0.006,-0.004,0.81,35.313,43.779,-1.9653,8.378704,47.243376,2671173.02,1232921.24,0.0,4.77173,-0.00533,0.01386,0.0032
691.843487,0.014,0.011,0.803,35.328,43.816,-1.96753,8.378707,47.243374,2671173.25,1232921.02,0.0,4.77173,-0.03198,-0.01972,-0.00853
692.843562,0.003,0.006,0.726,35.326,43.815,-1.96887,8.378711,47.243373,2671173.55,1232920.91,0.0,4.77173,0.00373,0.02025,-0.00533
693.843603,0.0,0.0,0.735,35.325,43.816,-1.96997,8.378713,47.243372,2671173.71,1232920.8,0.0,4.77173,0.00586,0.01172,-0.00266
694.843899,0.008,0.007,0.752,35.324,43.816,-1.96714,8.378715,47.243372,2671173.86,1232920.8,0.0,4.77173,0.00107,0.00266,-0.01652
695.843994,0.487,0.098,0.748,35.234,43.578,-1.908,8.378717,47.24337,2671174.01,1232920.58,0.0,4.77173,0.00107,-0.06981,-0.00373
696.844009,0.264,0.059,0.742,35.091,43.107,-1.82528,8.378714,47.243368,2671173.79,1232920.36,0.0,4.77173,0.01759,-0.06342,-0.05489
697.844112,0.041,0.006,0.763,35.047,42.924,-1.79099,8.378708,47.243368,2671173.33,1232920.35,0.0,4.77173,0.02078,0.00693,-0.00693
698.844128,0.0,0.0,0.769,35.046,42.922,-1.79145,8.378709,47.243369,2671173.41,1232920.46,0.0,4.77173,0.00373,0.00853,-0.00799
699.844208,0.002,0.0,0.806,35.045,42.923,-1.79459,8.378708,47.243372,2671173.33,1232920.8,0.0,4.77173,-0.01439,0.01439,-0.00746
700.84421,0.0,0.0,0.757,35.043,42.923,-1.79125,8.378704,47.243374,2671173.02,1232921.02,0.0,4.77173,0.00533,0.01226,-0.00693
701.844442,0.477,0.076,0.82,35.033,42.884,-1.78298,8.378701,47.243376,2671172.79,1232921.24,0.0,4.77173,0.08953,-0.21317,-0.18972
702.844503,2.222,0.419,0.83,34.815,41.489,-1.51787,8.378698,47.243377,2671172.56,1232921.34,0.0,4.77173,-0.00959,-0.65443,-0.32775
703.844574,3.314,0.511,0.792,35.571,38.713,-0.99562,8.378697,47.243376,2671172.49,1232921.23,0.0,4.77173,0.20571,-0.87133,-0.5228
704.844594,3.875,0.965,0.681,38.587,36.342,-0.22682,8.378735,47.243359,2671175.39,1232919.38,0.772,3.708825,-0.9081,-0.48816,0.45512
705.844643,4.304,0.726,0.789,42.539,37.575,0.81439,8.378743,47.243352,2671176.0,1232918.61,0.926,3.63203,0.4791,-0.5276,-5.3E-4
706.844885,4.653,0.22,0.805,44.683,41.819,1.30363,8.378761,47.243376,2671177.33,1232921.29,0.669,1.347394,-0.02611,-0.21477,-0.17054
707.844933,3.231,-0.02,0.858,45.92,46.156,1.35774,8.378764,47.243378,2671177.56,1232921.51,0.669,1.329941,-0.18972,0.06662,0.21797
708.84494,0.559,1.039,0.864,46.473,48.716,1.38994,8.378763,47.243381,2671177.48,1232921.85,0.566,1.293289,-0.0048,-0.04956,-0.09113
709.845104,0.422,-0.015,0.901,46.58,49.046,1.32799,8.37876,47.243385,2671177.25,1232922.29,0.514,1.228712,0.41675,0.09859,0.0048
710.845196,2.226,0.033,0.843,46.921,50.369,1.32006,8.378759,47.243388,2671177.17,1232922.62,0.514,0.553269,-0.11458,0.24355,0.28831
711.84527,3.39,-0.2,0.824,47.74,53.225,1.26182,8.378761,47.243391,2671177.31,1232922.96,0.514,0.495674,-0.07834,0.31443,0.09593
712.845369,4.008,-0.826,0.823,49.664,56.42,0.76421,8.378777,47.243409,2671178.5,1232924.97,1.132,0.385718,-0.39863,0.89318,0.10978
713.845399,4.325,-1.194,0.826,53.977,57.608,-0.28208,8.378786,47.243417,2671179.17,1232925.87,1.286,0.417134,-0.58036,1.33285,0.45565
714.845409,4.18,-0.741,0.839,56.498,53.9,-1.44688,8.378803,47.243416,2671180.46,1232925.77,1.235,0.453786,-0.78233,0.5164,-0.07035
715.845437,3.606,-1.015,0.847,55.164,50.37,-2.44722,8.378811,47.243412,2671181.07,1232925.34,1.08,0.509636,-0.53666,0.74823,0.08687
716.84553,3.667,-0.131,0.833,51.792,49.402,-3.04819,8.378814,47.243414,2671181.3,1232925.56,1.029,0.560251,0.22383,0.21104,0.01972
717.845704,3.476,0.052,0.825,47.972,49.263,-3.06955,8.378816,47.243417,2671181.44,1232925.9,0.926,0.593412,0.19772,0.0485,0.17746
718.845707,3.156,0.074,0.763,44.396,48.976,-3.01088,8.378804,47.243428,2671180.52,1232927.11,0.926,0.254818,-0.12737,-0.07035,-0.0858
719.845756,2.198,0.17,0.792,41.638,48.606,-2.90068,8.378794,47.243428,2671179.76,1232927.1,0.926,0.020944,-0.081,-0.03944,0.0858
720.845943,2.584,0.33,0.707,39.34,47.766,-2.64505,8.378781,47.243428,2671178.78,1232927.09,0.926,6.070255,-0.05702,-0.36985,-0.03571
721.845986,3.094,0.348,0.777,36.991,45.956,-2.27702,8.378776,47.243428,2671178.4,1232927.08,0.875,5.867797,-0.27179,-0.25261,0.06928
722.846022,3.845,0.661,0.722,35.231,42.787,-1.80766,8.378762,47.243426,2671177.34,1232926.85,0.875,5.530948,0.13163,-0.81484,-0.31176
723.846031,4.277,0.931,0.785,35.671,38.554,-1.03247,8.378753,47.243426,2671176.66,1232926.84,0.875,5.372123,0.37625,-1.14845,-0.30483
724.846032,4.446,1.219,0.74,39.33,36.171,-0.01589,8.378783,47.2434,2671178.97,1232923.98,0.0,5.372123,-0.41515,-1.26463,-0.40236
725.846204,4.641,0.587,0.722,43.24,38.629,1.01544,8.378783,47.24339,2671178.98,1232922.87,0.514,2.637192,-0.31283,-0.59208,-0.16521
726.846291,4.897,0.039,0.846,45.026,43.341,1.33577,8.378791,47.243395,2671179.58,1232923.43,0.0,2.637192,0.09806,0.01972,-0.05009
727.846585,4.93,0.0,0.841,46.252,48.38,1.36023,8.378794,47.243401,2671179.8,1232924.1,0.0,2.637192,0.57876,0.18173,0.10765
728.847648,1.213,0.031,0.838,47.233,51.815,1.25442,8.378799,47.243404,2671180.17,1232924.44,0.0,2.637192,-0.13376,0.05383,-0.04743
729.847795,0.504,0.004,0.843,47.37,52.226,1.25343,8.378809,47.243413,2671180.92,1232925.45,0.617,0.684169,-0.08687,0.08207,0.08367
730.848674,1.65,-0.067,0.8,47.626,52.973,1.22708,8.378819,47.243415,2671181.67,1232925.68,0.72,0.694641,-0.03571,0.10872,0.02558
731.848824,3.004,-0.459,0.773,48.671,55.231,1.01445,8.378826,47.243416,2671182.2,1232925.8,0.875,0.750492,-0.12364,0.46151,0.07994
732.84883,3.789,-0.857,0.835,51.46,57.359,0.30865,8.378838,47.243424,2671183.1,1232926.7,1.235,0.74002,-0.22223,0.98591,0.26326
733.848836,4.197,-1.146,0.849,55.569,56.356,-0.7898,8.378848,47.243424,2671183.86,1232926.7,1.235,0.79587,0.04743,1.12927,0.32668
734.848983,4.46,-1.104,0.831,56.383,52.083,-1.85731,8.37887,47.243418,2671185.53,1232926.06,1.44,0.842994,-0.46258,1.21987,0.14869
735.849387,4.055,-0.428,0.83,52.784,49.45,-2.99506,8.37888,47.243417,2671186.29,1232925.96,1.389,0.881391,0.08687,0.52813,0.10339
736.850051,2.638,0.115,0.827,49.323,49.401,-3.10064,8.378887,47.24342,2671186.81,1232926.3,1.389,0.921534,0.10872,-0.11831,-0.01599
737.850384,3.0,0.119,0.843,46.47,49.159,-3.02659,8.378876,47.243434,2671185.96,1232927.84,1.132,0.942478,-0.00107,-0.2654,0.08154
738.851231,2.112,0.033,0.848,43.816,48.894,-2.98324,8.378877,47.243444,2671186.03,1232928.95,1.183,0.932006,0.49669,-0.12684,-0.29417
739.851353,2.041,0.161,0.791,41.702,48.524,-2.90382,8.378879,47.24345,2671186.17,1232929.62,1.183,0.898845,0.01972,-0.11831,-0.02292
740.851419,2.366,0.285,0.765,39.635,47.827,-2.68922,8.378876,47.243445,2671185.95,1232929.06,0.875,0.267035,0.04263,-0.24994,-0.01919
741.851579,3.387,0.406,0.723,37.12,46.218,-2.33116,8.378865,47.243443,2671185.12,1232928.83,0.72,6.265732,-0.05009,-0.49775,-0.07994
742.851584,3.964,0.615,0.744,35.187,42.802,-1.80965,8.378851,47.24344,2671184.06,1232928.49,0.669,5.900958,-0.1684,-0.62885,-0.2185
743.851601,3.21,0.648,0.823,35.545,38.909,-1.08314,8.378835,47.243436,2671182.86,1232928.03,0.617,5.579818,0.30537,-0.57023,0.02665
744.851621,2.917,0.709,0.719,37.761,36.732,-0.41929,8.378842,47.243421,2671183.41,1232926.37,0.0,5.579818,0.19718,-0.57876,-0.02078
745.851624,3.094,0.737,0.799,40.74,36.628,0.39841,8.378839,47.243414,2671183.19,1232925.58,0.514,2.385865,0.09166,-0.75249,-0.05489
746.851788,2.966,0.4,0.744,43.225,38.748,1.00194,8.378838,47.243411,2671183.12,1232925.25,0.514,2.366666,-0.00213,-0.39703,-0.1247
747.851793,1.815,0.091,0.727,44.301,41.067,1.22824,8.378842,47.243411,2671183.42,1232925.25,0.463,2.312561,0.03038,-0.05649,-0.02825
748.85197,0.889,0.031,0.786,44.853,42.4,1.27064,8.378842,47.24341,2671183.42,1232925.14,0.0,2.312561,-0.01172,-0.01013,0.01013
749.852024,0.363,0.009,0.83,45.066,43.103,1.28419,8.378841,47.243409,2671183.35,1232925.03,0.0,2.312561,0.0048,0.01332,0.00799
750.852051,1.529,0.017,0.872,45.245,43.723,1.29329,8.378839,47.243407,2671183.2,1232924.81,0.0,2.312561,-0.08527,0.03304,-0.01759
751.852146,2.75,0.07,0.854,45.849,45.933,1.31078,8.378837,47.243405,2671183.05,1232924.58,0.0,2.312561,0.45192,-0.1295,-0.27819
752.852324,2.884,0.052,0.868,46.634,48.634,1.34581,8.378836,47.243405,2671182.97,1232924.58,0.0,2.312561,0.53239,-0.00586,-0.17533
753.852422,3.368,-0.037,0.857,47.456,51.791,1.34107,8.378835,47.243407,2671182.9,1232924.8,0.0,2.312561,-0.43327,-0.24088,-0.24248
754.85254,4.025,-0.669,0.782,48.779,55.398,1.02953,8.378839,47.243412,2671183.19,1232925.36,0.0,2.312561,-0.26486,0.77008,0.06662
755.852574,4.352,-1.015,0.814,52.546,57.739,0.06348,8.37885,47.243423,2671184.01,1232926.6,0.823,1.595231,-0.41888,0.96086,0.32242
756.852635,4.544,-0.93,0.804,56.206,55.362,-1.17132,8.378861,47.243425,2671184.84,1232926.83,0.926,1.518436,0.30004,0.66616,-0.20358
757.852641,4.592,-1.359,0.843,55.722,50.765,-2.23102,8.378879,47.243422,2671186.21,1232926.51,1.029,1.460841,0.3965,1.6494,0.21637
758.852858,3.131,-0.083,0.816,51.922,49.346,-3.09124,8.378881,47.243423,2671186.36,1232926.62,0.977,1.410226,0.01386,0.04477,-0.05969
759.852926,2.495,0.102,0.806,49.078,49.299,-3.09046,8.378876,47.243428,2671185.97,1232927.17,0.823,1.364847,0.23768,0.02451,-0.00693
760.853051,2.898,0.052,0.836,46.294,49.155,-3.01958,8.378862,47.243444,2671184.89,1232928.94,0.926,0.193732,-0.44872,-0.15028,-0.20784
761.853052,3.52,0.196,0.804,42.919,48.795,-2.98452,8.378854,47.243454,2671184.27,1232930.05,1.08,6.234316,0.29098,-0.22649,-0.22063
762.853106,3.069,0.398,0.781,39.652,48.007,-2.71113,8.378833,47.24344,2671182.7,1232928.47,0.977,5.88525,-0.18759,-0.32295,0.05809
763.853612,3.891,0.557,0.747,36.767,45.788,-2.25164,8.378824,47.243433,2671182.03,1232927.68,0.823,5.623451,-0.0389,-0.56543,-0.11778
764.854892,4.359,0.769,0.748,34.951,41.704,-1.623,8.378807,47.243432,2671180.74,1232927.56,0.926,5.40703,0.20997,-0.83882,-0.20624
765.855124,4.573,0.961,0.751,36.515,37.386,-0.75245,8.378791,47.24343,2671179.53,1232927.32,0.977,5.263913,0.38797,-0.42581,0.49615
766.855234,4.576,1.122,0.812,40.964,36.517,0.4462,8.378809,47.243406,2671180.93,1232924.67,0.0,5.263913,0.28778,-1.11541,-0.30057
767.855431,3.8,0.311,0.738,43.775,39.678,1.15681,8.378808,47.243404,2671180.86,1232924.44,0.0,5.263913,-0.0405,-0.44073,-0.24461
768.856076,3.385,0.05,0.844,45.149,43.331,1.33091,8.378807,47.243401,2671180.78,1232924.11,0.0,5.263913,0.24461,0.01545,0.05009
769.856084,2.965,-0.039,0.868,45.879,46.52,1.34824,8.378807,47.243396,2671180.79,1232923.55,0.0,5.263913,0.76794,0.24301,0.00533
770.857397,3.887,0.031,0.801,46.839,49.971,1.31957,8.37881,47.243401,2671181.01,1232924.11,0.0,5.263913,-0.24621,0.11085,0.01172
771.857654,4.369,-0.413,0.797,48.041,54.097,1.21763,8.378819,47.243409,2671181.68,1232925.01,0.463,0.623083,0.24621,0.41568,-0.05649
772.857816,4.556,-1.122,0.822,51.218,57.525,0.37603,8.378828,47.243422,2671182.35,1232926.46,1.235,0.602139,-0.04104,1.29341,0.37038
773.85794,4.623,-1.261,0.793,55.642,56.569,-0.85182,8.378831,47.243422,2671182.57,1232926.47,1.235,0.588176,-0.29844,1.39786,0.51907
774.858039,4.698,-1.189,0.827,56.314,51.779,-1.92533,8.378839,47.243418,2671183.18,1232926.03,1.132,0.602139,0.14069,1.33444,0.31602
775.859297,4.798,-0.333,0.81,52.266,49.375,-3.07546,8.378852,47.243419,2671184.17,1232926.15,1.183,0.631809,-0.02345,0.12737,0.1359
776.859973,3.905,0.157,0.839,47.887,49.387,-3.06863,8.378865,47.24342,2671185.15,1232926.28,1.183,0.663225,0.83829,-0.18972,-0.00799
777.860076,-0.005,-0.002,0.842,45.793,49.215,-3.05754,8.378868,47.243429,2671185.36,1232927.28,1.183,0.69115,-0.01119,-0.09753,-0.12897
778.860129,0.0,0.0,0.839,45.794,49.216,-3.06002,8.378875,47.243434,2671185.89,1232927.84,1.183,0.712094,-0.0016,0.01599,0.0016
779.860324,0.729,0.009,0.883,45.736,49.212,-3.0534,8.37888,47.243437,2671186.26,1232928.18,1.183,0.726057,-0.02931,-0.02292,-0.03198
780.860335,2.443,0.091,0.825,44.047,48.973,-2.9574,8.37888,47.243438,2671186.26,1232928.29,0.977,0.738274,-0.05169,-0.00693,0.13803
781.860355,3.519,0.246,0.787,40.99,48.306,-2.81952,8.378871,47.24343,2671185.59,1232927.39,0.72,0.727802,-0.20091,-0.2185,0.11351
782.860378,4.167,0.494,0.78,37.476,46.421,-2.3947,8.378863,47.24343,2671184.98,1232927.39,0.566,0.424115,-0.00107,-0.40396,0.00693
783.860482,4.512,0.73,0.762,35.126,42.564,-1.77018,8.378843,47.24342,2671183.48,1232926.26,0.0,0.424115,-0.19612,-0.86494,-0.11405
784.860591,4.658,0.996,0.788,36.01,37.966,-0.88846,8.378828,47.243415,2671182.35,1232925.69,0.0,0.424115,0.32668,-1.01522,-0.33468
785.861497,4.386,1.085,0.785,40.218,36.302,0.249,8.378835,47.243391,2671182.92,1232923.02,0.617,2.703515,-0.80845,-1.18896,-0.20464
786.862079,4.682,0.404,0.746,43.635,39.425,1.12571,8.378836,47.243375,2671183.01,1232921.25,0.875,2.680826,-0.20518,-0.39436,0.06502
787.862852,4.907,0.057,0.829,45.323,44.242,1.34757,8.37884,47.243379,2671183.31,1232921.69,0.617,2.644174,0.03837,0.18386,0.29417
788.862902,5.054,0.03,0.811,46.561,49.385,1.33583,8.378841,47.243381,2671183.38,1232921.92,0.617,2.581342,0.50255,-0.13483,-0.60167
789.862962,5.073,-0.524,0.744,48.006,54.253,1.21216,8.378842,47.243385,2671183.45,1232922.36,0.463,1.595231,-0.18546,0.62938,0.16201
790.863048,4.888,-1.285,0.814,51.65,57.88,0.20053,8.378851,47.243409,2671184.1,1232925.04,1.235,1.490511,0.27552,1.3483,0.36825
791.863086,4.812,-1.067,0.821,56.134,55.847,-1.09795,8.378861,47.243414,2671184.85,1232925.6,1.338,1.40499,-0.41941,0.72265,-0.14389
792.863179,4.764,-1.344,0.813,55.865,50.864,-2.16608,8.378883,47.243412,2671186.52,1232925.4,1.492,1.363102,0.10605,1.49858,0.24035
793.863296,3.488,-0.152,0.827,51.852,49.32,-3.12101,8.378897,47.243413,2671187.58,1232925.53,1.543,1.335177,0.00853,0.16201,-0.03144
794.863475,2.98,0.111,0.806,48.595,49.347,-3.08084,8.378907,47.243413,2671188.34,1232925.54,1.543,1.315978,0.20677,0.01759,0.10818
795.864191,3.741,0.031,0.801,45.28,49.064,-2.99995,8.37889,47.243433,2671187.02,1232927.74,1.749,6.195919,0.36559,0.16361,0.15242
796.864831,4.306,0.437,0.78,40.984,48.442,-2.89179,8.378879,47.243442,2671186.18,1232928.73,1.955,6.169739,0.01119,-0.26007,0.19718
797.864856,4.639,0.598,0.735,36.992,46.21,-2.30666,8.378868,47.24345,2671185.34,1232929.61,1.955,6.115634,0.09166,-0.58515,-0.15188
798.865632,4.815,0.791,0.776,34.957,41.75,-1.61415,8.378835,47.243452,2671182.84,1232929.81,2.469,6.024877,0.64324,-0.89158,-0.1764
799.865853,4.785,1.035,0.724,36.663,37.164,-0.67194,8.378807,47.243449,2671180.72,1232929.45,2.315,5.918411,-1.1346,-1.2204,-0.20624
800.865909,4.71,1.026,0.789,41.335,36.675,0.57513,8.378807,47.243426,2671180.75,1232926.89,1.852,3.146829,-0.24781,-1.18736,-0.42421
801.86591,4.931,0.346,0.7,44.253,40.712,1.23182,8.378807,47.243419,2671180.76,1232926.11,0.926,3.003712,0.31443,-0.45245,-0.19239
802.865914,5.039,-0.039,0.855,45.731,45.796,1.36618,8.378809,47.243418,2671180.91,1232926.0,1.44,0.719076,-0.1748,-0.07514,-0.19079
803.865959,5.118,-0.144,0.802,46.909,50.873,1.27452,8.378808,47.24342,2671180.83,1232926.22,1.595,0.694641,0.5681,0.36452,0.18706
804.865996,5.104,-0.793,0.767,49.057,56.069,1.04743,8.378806,47.243423,2671180.68,1232926.56,3.087,0.651008,0.01545,0.89638,0.15242
805.86618,4.812,-1.185,0.836,53.395,58.029,-0.27712,8.37882,47.243435,2671181.72,1232927.9,3.704,0.626573,-0.43487,1.30194,0.3059
806.866199,4.826,-0.841,0.813,56.522,54.377,-1.39181,8.37884,47.243446,2671183.22,1232929.14,3.344,0.657989,-0.28085,1.02801,0.06235
807.866296,4.66,-1.322,0.838,55.031,49.918,-2.55966,8.378872,47.243447,2671185.64,1232929.28,3.55,0.708604,-0.24088,1.58385,0.55158
808.866305,4.347,0.165,0.835,50.12,49.466,3.09068,8.37889,47.243442,2671187.01,1232928.74,2.624,0.733038,-0.56383,-0.1263,-0.04317
809.86637,2.779,0.15,0.839,46.245,49.414,-3.0081,8.378901,47.243441,2671187.85,1232928.64,1.955,0.801106,0.24248,-0.13643,-0.27179
810.866481,3.534,0.074,0.844,43.05,48.917,-2.93573,8.378891,47.243452,2671187.07,1232929.86,1.389,6.222099,-0.07834,-0.01652,-0.05436
811.866657,4.196,0.511,0.744,39.156,47.743,-2.63811,8.378878,47.243452,2671186.09,1232929.84,1.595,6.157522,0.02078,-0.4322,0.00799
812.86667,4.541,0.665,0.743,35.851,44.614,-2.07702,8.378861,47.243451,2671184.81,1232929.72,1.852,6.063274,0.17853,-0.56757,-0.10392
813.869672,4.702,0.9,0.772,35.015,39.79,-1.28069,8.37883,47.243444,2671182.47,1232928.91,2.366,5.951573,-0.0048,-0.93155,-0.19718
814.869744,4.739,1.298,0.757,38.373,36.398,-0.26055,8.378815,47.243431,2671181.35,1232927.45,1.389,3.76293,1.15751,-1.05413,-0.28725
815.870055,4.749,0.698,0.798,42.74,37.959,0.90287,8.378814,47.243408,2671181.3,1232924.89,2.058,3.666937,-0.47857,-0.78766,-0.19825
816.870552,4.975,0.102,0.791,44.899,42.603,1.327,8.378811,47.243379,2671181.12,1232921.67,2.264,3.586652,-0.10552,0.06981,0.28511
817.871015,5.075,-0.028,0.742,45.483,47.106,1.35538,8.378812,47.243366,2671181.21,1232920.22,2.109,3.520329,0.00693,0.01545,-0.06448
818.871064,5.142,0.011,0.815,47.812,52.885,1.14162,8.378811,47.243358,2671181.14,1232919.33,1.646,3.462733,0.18386,0.05756,0.10818
819.871121,4.967,-1.306,0.827,50.479,57.406,0.73074,8.37881,47.243366,2671181.06,1232920.22,0.0,3.462733,-0.20784,1.53109,0.4402
820.871147,4.695,-1.117,0.798,55.171,57.402,-0.75934,8.378833,47.243391,2671182.77,1232923.02,2.058,0.553269,0.84149,1.53269,0.53559
821.871303,4.792,-0.993,0.826,56.544,52.798,-1.67346,8.378855,47.243391,2671184.43,1232923.04,3.344,0.666716,-0.20571,1.10369,0.41621
822.871433,4.442,-0.774,0.807,53.383,49.301,-2.95575,8.378875,47.243385,2671185.95,1232922.39,3.087,0.774926,0.11085,0.84149,0.14389
823.871464,2.812,0.163,0.837,49.536,49.472,-3.12931,8.378894,47.24338,2671187.4,1232921.85,2.521,0.876155,0.20304,0.02132,0.16308
824.871564,1.508,0.033,0.852,47.162,49.301,-3.02533,8.378884,47.243397,2671186.62,1232923.74,1.543,6.024877,0.13803,-0.11245,-0.05756
825.871602,1.811,0.024,0.84,45.598,49.088,-2.99376,8.378875,47.243405,2671185.93,1232924.62,1.698,5.972517,0.03198,-0.05649,0.17533
826.87167,2.386,0.044,0.847,43.447,48.849,-2.96712,8.378871,47.243411,2671185.62,1232925.28,1.595,5.921902,-0.34693,-0.01492,0.00693
827.871755,2.912,0.285,0.772,40.772,48.35,-2.83336,8.378863,47.243416,2671185.0,1232925.83,1.646,5.871288,-0.04317,-0.1295,0.20624
828.871812,2.209,0.306,0.739,38.1,46.959,-2.4795,8.378853,47.24342,2671184.24,1232926.26,1.646,5.293584,-0.17213,-0.31656,-0.02665
829.871929,1.851,0.283,0.776,36.659,45.483,-2.20497,8.378819,47.243411,2671181.68,1232925.23,1.955,4.885177,0.02558,-0.26486,-0.0032
830.871931,0.938,0.144,0.727,35.792,44.184,-1.98683,8.378801,47.243407,2671180.32,1232924.77,1.698,4.832817,0.07354,-0.14389,-0.05116
831.871964,0.66,0.022,0.778,35.497,43.415,-1.91593,8.378786,47.243403,2671179.19,1232924.31,1.338,4.832817,-0.02505,-0.06555,0.02132
832.871981,0.0,0.004,0.851,35.425,43.212,-1.90636,8.378777,47.243401,2671178.51,1232924.08,1.029,4.832817,-0.04956,-0.00266,-0.02665
833.872169,0.002,-0.004,0.759,35.423,43.212,-1.90523,8.378768,47.243398,2671177.83,1232923.74,0.823,4.832817,0.01492,0.01066,0.0
834.872211,-0.003,0.006,0.709,35.422,43.21,-1.90753,8.378763,47.243395,2671177.46,1232923.4,0.617,4.832817,0.01066,0.01439,-0.0064
835.872644,0.035,-0.006,0.786,35.42,43.208,-1.91103,8.378756,47.243393,2671176.93,1232923.17,0.566,4.832817,0.01332,0.01226,-0.00746
836.873281,-0.01,-0.004,0.728,35.42,43.212,-1.90753,8.378751,47.24339,2671176.56,1232922.84,0.566,4.832817,-0.00799,0.02451,-0.00586
837.873923,-0.002,0.0,0.769,35.418,43.211,-1.90891,8.378748,47.243389,2671176.33,1232922.72,0.0,4.832817,-0.00107,0.01492,-0.00426
838.874337,-0.002,-0.004,0.745,35.417,43.211,-1.90599,8.378746,47.243387,2671176.18,1232922.5,0.0,4.832817,0.00373,0.01119,-0.0064
839.874562,0.001,0.002,0.739,35.416,43.212,-1.90868,8.378746,47.243385,2671176.19,1232922.28,0.0,4.832817,0.0016,0.01332,-0.0048
840.874733,0.003,-0.002,0.839,35.415,43.212,-1.90576,8.378745,47.243382,2671176.12,1232921.94,0.0,4.832817,-0.00959,0.01919,0.00266
841.874867,-0.002,0.0,0.844,35.414,43.213,-1.90805,8.378747,47.243376,2671176.27,1232921.28,0.0,4.832817,-0.02718,0.01013,-0.01386
842.875802,-0.002,-0.004,0.819,35.412,43.213,-1.90506,8.37874,47.243369,2671175.75,1232920.49,0.0,4.832817,-0.00959,0.04423,-0.02611
843.876483,-0.001,-0.002,0.838,35.411,43.214,-1.90759,8.378735,47.243364,2671175.38,1232919.93,0.0,4.832817,0.01119,0.01279,-0.0016
844.876919,0.001,0.002,0.792,35.41,43.214,-1.91065,8.378726,47.243357,2671174.71,1232919.15,0.0,4.832817,0.01119,0.01652,-0.0016
845.876926,-0.002,-0.004,0.832,35.409,43.215,-1.90841,8.37872,47.243353,2671174.26,1232918.7,0.0,4.832817,5.3E-4,0.01865,-5.3E-4
846.877067,0.001,0.002,0.785,35.407,43.215,-1.90526,8.378715,47.24335,2671173.89,1232918.36,0.0,4.832817,0.0016,0.01226,-0.00533
847.877104,-0.001,0.006,0.749,35.406,43.216,-1.90748,8.378717,47.243351,2671174.04,1232918.47,0.0,4.832817,0.0032,0.01652,-0.00373
848.877216,0.001,-0.002,0.745,35.405,43.216,-1.90909,8.378718,47.243352,2671174.11,1232918.58,0.0,4.832817,0.00426,0.01013,-0.0032
849.877275,0.001,0.002,0.76,35.405,43.217,-1.91108,8.37872,47.243349,2671174.27,1232918.25,0.0,4.832817,0.00426,0.01652,-0.00213
850.877318,-0.001,0.006,0.74,35.403,43.218,-1.9077,8.378721,47.243345,2671174.35,1232917.81,0.0,4.832817,0.02345,0.01759,0.00959
851.877402,0.002,0.0,0.747,35.402,43.218,-1.9098,8.37872,47.243343,2671174.27,1232917.58,0.0,4.832817,0.0032,0.01332,-0.00533
852.877477,-0.004,-0.007,0.767,35.401,43.219,-1.90659,8.378724,47.243341,2671174.58,1232917.36,0.0,4.832817,0.0048,0.01279,-0.0032
853.877581,0.001,0.002,0.729,35.4,43.219,-1.90949,8.378728,47.243338,2671174.89,1232917.04,0.617,4.832817,0.00373,0.01119,-0.00693
854.877641,0.002,0.0,0.748,35.399,43.22,-1.91165,8.37873,47.243336,2671175.04,1232916.81,0.0,4.832817,0.00426,0.01172,-0.00213
855.877654,0.003,-0.002,0.766,35.398,43.22,-1.90832,8.378733,47.243336,2671175.27,1232916.82,0.0,4.832817,0.0064,0.01172,-0.00266
856.877944,-0.001,-0.006,0.749,35.397,43.221,-1.91029,8.378737,47.243337,2671175.57,1232916.93,0.0,4.832817,0.00533,0.01279,-0.0064
857.878007,0.0,0.0,0.742,35.395,43.221,-1.90696,8.378742,47.243337,2671175.95,1232916.94,0.0,4.832817,0.00373,0.01172,-0.00533
858.878157,-0.002,-0.004,0.727,35.394,43.222,-1.90922,8.378745,47.243339,2671176.17,1232917.16,0.0,4.832817,0.00213,0.01386,-0.00746
859.878182,0.002,0.0,0.744,35.393,43.222,-1.90579,8.378753,47.243339,2671176.78,1232917.17,0.463,4.832817,0.00266,0.01492,-0.0048
860.87823,-0.001,-0.002,0.779,35.392,43.222,-1.90823,8.378759,47.24334,2671177.23,1232917.29,0.617,4.832817,0.0016,0.01386,-0.00373
861.878417,-0.004,-0.007,0.725,35.391,43.223,-1.91086,8.378762,47.243343,2671177.45,1232917.62,0.617,4.832817,0.00107,0.01279,-0.00266
862.878609,0.001,0.002,0.781,35.39,43.223,-1.90735,8.378766,47.243345,2671177.75,1232917.85,0.0,4.832817,0.00373,0.01545,-0.0048
863.878657,0.002,0.0,0.795,35.389,43.224,-1.90962,8.378764,47.243345,2671177.6,1232917.85,0.0,4.832817,0.00107,0.01545,-0.00586
864.879358,-0.003,0.002,0.781,35.387,43.224,-1.90623,8.378761,47.243345,2671177.38,1232917.84,0.0,4.832817,0.0032,0.01652,-0.00533
865.879685,-0.002,-0.004,0.81,35.375,43.191,-1.90879,8.378757,47.243345,2671177.07,1232917.84,0.0,4.832817,0.0048,0.01545,-0.0016
866.879965,-0.001,-0.002,0.767,35.374,43.191,-1.91094,8.378754,47.243346,2671176.84,1232917.95,0.0,4.832817,0.0064,0.01439,-0.00426
867.880147,0.002,0.0,0.806,35.372,43.192,-1.90777,8.37875,47.243348,2671176.54,1232918.17,0.0,4.832817,0.00373,0.01439,-0.00373
868.880477,0.002,0.0,0.806,35.371,43.192,-1.90998,8.378746,47.243351,2671176.23,1232918.5,0.0,4.832817,5.3E-4,0.01332,-0.0032
869.880548,-0.001,-0.002,0.793,35.37,43.193,-1.90675,8.378744,47.243352,2671176.08,1232918.61,0.0,4.832817,0.00426,0.01599,-5.3E-4
870.880587,-0.001,-0.002,0.797,35.369,43.193,-1.90864,8.378743,47.243354,2671176.0,1232918.83,0.0,4.832817,0.0064,0.01439,-0.00426
871.880732,-0.001,-0.002,0.766,35.368,43.194,-1.90616,8.378743,47.243357,2671176.0,1232919.16,0.0,4.832817,0.00266,0.01172,-0.00533
872.880746,0.0,-0.004,0.772,35.367,43.194,-1.90794,8.378743,47.243358,2671176.0,1232919.27,0.0,4.832817,0.00426,0.01545,-0.0048
873.880857,0.002,0.004,0.777,35.366,43.194,-1.91029,8.378744,47.24336,2671176.07,1232919.5,0.0,4.832817,0.00533,0.01439,-0.00533
874.881075,-0.001,-0.002,0.808,35.364,43.195,-1.90691,8.378744,47.243365,2671176.06,1232920.05,0.772,4.832817,0.00426,0.01652,-0.00266
875.881117,-0.002,-0.004,0.792,35.363,43.195,-1.90919,8.378743,47.243367,2671175.98,1232920.27,0.0,4.832817,0.0,0.01332,-0.00799
876.881159,0.002,0.004,0.768,35.362,43.196,-1.90594,8.378738,47.24337,2671175.6,1232920.6,0.0,4.832817,0.00266,0.01492,-0.00373
877.881246,0.001,0.002,0.805,35.361,43.196,-1.90838,8.378732,47.243373,2671175.14,1232920.93,0.0,4.832817,0.00213,0.01226,-0.0048
878.881974,0.001,-0.002,0.789,35.36,43.196,-1.91049,8.378729,47.243375,2671174.91,1232921.15,0.0,4.832817,0.0048,0.01492,-0.0048
879.882041,-0.001,-0.002,0.773,35.359,43.197,-1.90729,8.378725,47.243376,2671174.61,1232921.26,0.0,4.832817,0.00799,0.01439,-0.0048
880.882718,0.002,0.004,0.738,35.358,43.198,-1.90962,8.378721,47.243378,2671174.3,1232921.48,0.0,4.832817,0.00107,0.01172,-0.00533
881.883301,-0.001,-0.002,0.719,35.356,43.198,-1.90637,8.378717,47.24338,2671174.0,1232921.69,0.0,4.832817,-0.00213,0.00959,-0.00853
882.88378,0.002,0.004,0.76,35.355,43.198,-1.90867,8.378713,47.243381,2671173.69,1232921.8,0.0,4.832817,0.0,0.01386,-0.00533
883.883798,-0.001,-0.002,0.754,35.354,43.199,-1.90506,8.378709,47.243384,2671173.39,1232922.13,0.0,4.832817,0.00586,0.01759,-0.00373
884.884194,-0.001,-0.002,0.786,35.353,43.199,-1.90761,8.378706,47.243385,2671173.16,1232922.24,0.0,4.832817,0.00746,0.01013,-0.00586
885.88448,0.002,0.004,0.805,35.351,43.2,-1.90427,8.378704,47.243385,2671173.01,1232922.24,0.0,4.832817,0.01119,0.01332,-0.00373
886.884841,-0.001,-0.002,0.757,35.35,43.2,-1.90632,8.378702,47.243386,2671172.85,1232922.35,0.0,4.832817,0.00426,0.01279,-0.00373
887.885618,0.0,0.0,0.711,35.35,43.2,-1.90794,8.378699,47.243386,2671172.63,1232922.34,0.0,4.832817,0.0064,0.01226,-0.00266
888.885936,-0.001,-0.002,0.712,35.349,43.201,-1.91037,8.3787,47.243388,2671172.7,1232922.57,0.0,4.832817,0.00586,0.01226,-0.0048
889.886509,-0.001,-0.002,0.749,35.347,43.201,-1.9077,8.378702,47.243388,2671172.85,1232922.57,0.0,4.832817,0.00906,0.01599,-0.00266
890.886846,0.0,0.0,0.737,35.484,43.268,-1.91014,8.378703,47.243388,2671172.93,1232922.57,0.0,4.832817,-0.00266,0.00906,-0.00586
891.887464,-0.001,-0.002,0.759,35.345,43.202,-1.90669,8.378703,47.24339,2671172.92,1232922.79,0.0,4.832817,0.0,0.01705,-0.00213
892.888116,0.0,0.0,0.743,35.344,43.203,-1.90901,8.378703,47.243391,2671172.92,1232922.9,0.0,4.832817,-0.00213,0.00959,-0.0064
893.888538,0.0,0.0,0.706,35.343,43.203,-1.90557,8.378706,47.24339,2671173.15,1232922.8,0.0,4.832817,0.00746,0.01119,-0.00533
894.88864,0.0,0.0,0.749,35.444,43.168,-1.90794,8.378708,47.24339,2671173.3,1232922.8,0.0,4.832817,0.00693,0.01812,-0.00213
895.888709,0.0,0.0,0.691,35.341,43.205,-1.9103,8.378714,47.243391,2671173.76,1232922.91,0.0,4.832817,0.00107,0.01172,-0.00693
896.889338,0.0,0.0,0.752,35.442,43.169,-1.90681,8.378719,47.243394,2671174.13,1232923.25,0.0,4.832817,0.00373,0.01545,-0.00266
897.889955,0.0,0.0,0.723,35.339,43.205,-1.90925,8.378721,47.243397,2671174.28,1232923.59,0.0,4.832817,-5.3E-4,0.01279,-0.00373
898.890563,0.0,0.0,0.729,35.44,43.17,-1.90603,8.378723,47.243399,2671174.43,1232923.81,0.0,4.832817,0.00266,0.01226,-0.00746
899.890732,0.0,0.0,0.735,35.439,43.171,-1.90821,8.378721,47.243403,2671174.27,1232924.25,0.0,4.832817,-0.0032,0.01119,-0.00853
900.89091,-0.001,-0.002,0.749,35.438,43.171,-1.91035,8.37872,47.243407,2671174.19,1232924.7,0.514,4.832817,0.0048,0.00906,-0.00586
901.891005,0.0,0.0,0.73,35.437,43.172,-1.90679,8.378719,47.243408,2671174.11,1232924.81,0.0,4.832817,-0.0016,0.01226,-0.00586
902.891132,0.0,0.0,0.721,35.436,43.172,-1.90899,8.378717,47.24341,2671173.96,1232925.03,0.0,4.832817,-5.3E-4,0.01439,-0.00373
903.893314,0.0,0.0,0.739,35.435,43.173,-1.90564,8.378719,47.243409,2671174.11,1232924.92,0.0,4.832817,0.0048,0.01279,-0.00266
904.893784,0.0,0.0,0.771,35.434,43.174,-1.908,8.378714,47.243409,2671173.73,1232924.92,0.0,4.832817,0.00533,0.01279,-0.0048
905.894622,0.0,0.0,0.729,35.433,43.174,-1.9104,8.37871,47.24341,2671173.43,1232925.02,0.0,4.832817,0.0,0.01545,-0.0032
906.89536,-0.001,-0.002,0.753,35.431,43.174,-1.90698,8.378709,47.243407,2671173.36,1232924.69,0.0,4.832817,0.00426,0.01279,-0.0016
907.895526,0.0,0.0,0.726,35.431,43.175,-1.9093,8.378707,47.243404,2671173.21,1232924.35,0.0,4.832817,0.00266,0.01279,-0.0048
908.895556,0.0,0.0,0.756,35.429,43.175,-1.90585,8.378707,47.243401,2671173.21,1232924.02,0.463,4.832817,0.00533,0.01066,-0.0048
909.895585,0.001,-0.002,0.738,35.428,43.175,-1.90739,8.378707,47.243398,2671173.22,1232923.69,0.0,4.832817,0.00266,0.01172,-0.00853
910.895711,0.0,0.0,0.713,35.427,43.176,-1.90968,8.378709,47.243395,2671173.37,1232923.35,0.0,4.832817,0.00426,0.01279,-0.00533
911.896256,0.0,0.0,0.722,35.426,43.176,-1.90698,8.378714,47.243392,2671173.75,1232923.03,0.0,4.832817,0.0048,0.01545,-0.00426
912.896897,0.0,0.0,0.731,35.425,43.176,-1.90942,8.378719,47.243389,2671174.14,1232922.7,0.0,4.832817,0.0032,0.01492,-0.00373
913.897535,0.001,-0.002,0.735,35.424,43.177,-1.90606,8.378723,47.243385,2671174.45,1232922.26,0.463,4.832817,0.00533,0.01066,-0.0032
914.89787,-0.001,0.002,0.804,35.423,43.177,-1.90832,8.378726,47.243381,2671174.68,1232921.81,0.669,4.832817,0.00373,0.01172,-0.00373
915.898108,-0.001,0.002,0.807,35.422,43.177,-1.91064,8.378727,47.243378,2671174.76,1232921.48,0.463,4.832817,0.00373,0.01652,-0.00533
916.89812,-0.001,0.002,0.799,35.421,43.178,-1.90711,8.378729,47.243376,2671174.91,1232921.26,0.0,4.832817,0.00266,0.01172,-0.00799
917.898385,0.0,0.0,0.808,35.42,43.178,-1.90936,8.378729,47.243376,2671174.91,1232921.26,0.0,4.832817,0.0016,0.01386,-0.00586
918.898498,0.0,0.0,0.812,35.419,43.179,-1.90594,8.378728,47.243375,2671174.84,1232921.15,0.0,4.832817,0.00373,0.01332,-0.0048
919.898716,0.0,0.0,0.854,35.418,43.179,-1.90834,8.378729,47.243376,2671174.91,1232921.26,0.0,4.832817,0.00107,0.01066,-0.00373
920.899436,0.0,0.0,0.808,35.417,43.179,-1.91056,8.378729,47.243376,2671174.91,1232921.26,0.0,4.832817,0.00213,0.01439,-0.0032
921.900083,0.0,0.0,0.815,35.416,43.18,-1.90714,8.378732,47.243373,2671175.14,1232920.93,0.0,4.832817,0.00533,0.01226,-0.0048
922.900469,0.0,0.0,0.816,35.415,43.18,-1.90946,8.378735,47.243369,2671175.38,1232920.49,0.463,4.832817,0.00586,0.01332,-0.00533
923.900582,0.001,-0.002,0.83,35.413,43.181,-1.90543,8.378741,47.243365,2671175.83,1232920.05,0.0,4.832817,0.0032,0.01066,-0.00213
924.900605,0.0,0.0,0.802,35.412,43.181,-1.90835,8.378746,47.24336,2671176.22,1232919.5,0.566,4.832817,-5.3E-4,0.01172,-0.00586
925.900728,-0.001,0.002,0.754,35.411,43.181,-1.90993,8.378745,47.243356,2671176.15,1232919.05,0.669,4.832817,0.00373,0.01279,-0.00693
926.9008,0.001,-0.002,0.737,35.41,43.182,-1.90652,8.378742,47.243356,2671175.92,1232919.05,0.514,4.832817,0.00107,0.01119,-0.00373
927.901259,0.001,-0.002,0.728,35.409,43.182,-1.90958,8.378745,47.243354,2671176.15,1232918.83,0.0,4.832817,0.0016,0.01439,-0.0048
928.901906,0.0,0.0,0.698,35.408,43.183,-1.90611,8.378743,47.243357,2671176.0,1232919.16,0.0,4.832817,0.00906,0.01652,-0.00426
929.902524,-0.002,-0.004,0.751,35.407,43.183,-1.90874,8.37874,47.243359,2671175.77,1232919.38,0.0,4.832817,0.00373,0.01119,-0.0032
930.902604,0.0,0.0,0.805,35.405,43.184,-1.90565,8.378734,47.243363,2671175.31,1232919.82,0.0,4.832817,0.0048,0.01119,-0.0048
931.902966,0.003,0.006,0.811,35.404,43.184,-1.90732,8.378733,47.243362,2671175.23,1232919.71,0.0,4.832817,0.00213,0.01332,-0.00213
932.903059,0.001,0.002,0.801,35.403,43.184,-1.91001,8.378733,47.243363,2671175.23,1232919.82,0.0,4.832817,0.00107,0.01066,-0.0064
933.903265,-0.002,-0.004,0.804,35.402,43.185,-1.90666,8.378729,47.243369,2671174.92,1232920.48,0.0,4.832817,0.00533,0.01332,-0.0064
934.904027,0.0,-0.004,0.796,35.401,43.185,-1.90896,8.378723,47.243374,2671174.46,1232921.03,0.0,4.832817,0.00266,0.01013,-0.00586
935.904423,0.001,0.002,0.804,35.4,43.186,-1.9054,8.378717,47.24338,2671174.0,1232921.69,0.0,4.832817,0.00426,0.01599,-5.3E-4
936.904952,0.0,0.0,0.834,35.399,43.186,-1.90819,8.378706,47.243389,2671173.15,1232922.68,0.0,4.832817,0.0016,0.01119,-0.0032
937.90497,-0.002,-0.004,0.812,35.398,43.186,-1.9096,8.378702,47.243394,2671172.84,1232923.24,0.0,4.832817,0.00373,0.01492,-0.00266
938.905488,-0.002,-0.004,0.712,35.396,43.187,-1.90577,8.378697,47.243398,2671172.46,1232923.68,0.0,4.832817,0.00373,0.01226,-0.00426
939.905534,-0.002,-0.004,0.749,35.395,43.187,-1.90892,8.378692,47.243401,2671172.08,1232924.01,0.463,4.832817,0.00266,0.01439,-0.00426
940.905626,0.0,0.0,0.708,35.394,43.188,-1.91086,8.378689,47.243402,2671171.85,1232924.11,0.463,4.832817,0.00373,0.01332,-0.0048
941.905705,-0.002,-0.004,0.729,35.393,43.188,-1.90661,8.378681,47.243407,2671171.24,1232924.66,0.514,4.832817,0.00533,0.01279,-0.00373
942.905753,0.0,0.0,0.823,35.392,43.188,-1.90959,8.378674,47.24341,2671170.7,1232924.99,0.514,4.832817,0.00746,0.01226,-0.00266
943.90588,0.0,0.0,0.805,35.39,43.189,-1.90622,8.378671,47.243412,2671170.47,1232925.21,0.0,4.832817,0.00266,0.00746,-0.0064
944.905926,0.117,-0.002,0.733,35.384,43.173,-1.9083,8.378669,47.243412,2671170.32,1232925.21,0.0,4.832817,0.03251,0.01705,-0.0048
945.906009,0.0,-0.004,0.781,35.304,42.947,-1.90791,8.378668,47.24341,2671170.25,1232924.98,0.463,4.832817,0.35919,0.22223,0.14336
946.906081,0.001,0.002,0.81,35.303,42.945,-1.90638,8.378667,47.243407,2671170.18,1232924.65,0.514,4.832817,0.02025,0.01705,-0.00266
947.906082,0.0,0.0,0.797,35.302,42.945,-1.90817,8.37867,47.243405,2671170.41,1232924.43,0.0,4.832817,-0.0048,0.01545,-0.00373
948.90631,-0.001,0.002,0.826,35.3,42.946,-1.90452,8.378672,47.243405,2671170.56,1232924.43,0.0,4.832817,0.0048,0.01759,-0.00426
949.906467,-0.001,0.002,0.802,35.299,42.946,-1.90688,8.378674,47.243408,2671170.71,1232924.77,0.0,4.832817,0.00266,0.01492,-0.0048
950.906514,-0.001,0.002,0.805,35.298,42.947,-1.90365,8.378677,47.243412,2671170.93,1232925.22,0.0,4.832817,0.00107,0.01599,-0.00746
951.906537,0.0,0.0,0.806,35.297,42.947,-1.90577,8.378682,47.243415,2671171.3,1232925.55,0.0,4.832817,0.00266,0.01386,-0.0032
952.906664,0.002,-0.004,0.779,35.296,42.948,-1.9077,8.378686,47.243419,2671171.6,1232926.0,0.514,4.832817,0.00266,0.01439,-0.00586
953.907222,-0.001,0.002,0.788,35.295,42.948,-1.90412,8.378688,47.243424,2671171.74,1232926.56,0.617,4.832817,0.00213,0.01545,-0.00373
954.907954,-0.001,0.002,0.799,35.294,42.948,-1.90689,8.378687,47.24343,2671171.66,1232927.23,0.772,4.832817,0.00373,0.01652,-0.0064
955.908012,-0.007,-0.006,0.731,35.292,42.95,-1.90229,8.378688,47.243433,2671171.73,1232927.56,0.617,4.832817,0.00799,0.02078,-0.00107
956.908561,-0.242,-0.089,0.706,35.313,43.012,-1.91049,8.378687,47.243431,2671171.66,1232927.34,0.463,4.832817,0.08367,0.10552,0.01919
957.908584,-0.377,-0.15,0.756,35.455,43.379,-2.03456,8.378689,47.243429,2671171.81,1232927.12,0.0,4.832817,0.0405,0.19292,0.01865
958.908654,-0.492,-0.215,0.754,35.688,43.769,-2.2297,8.378688,47.243431,2671171.73,1232927.34,0.617,4.832817,-0.07301,0.22543,0.02718
959.909153,-0.576,-0.274,0.751,36.202,44.142,-2.48732,8.378691,47.243429,2671171.96,1232927.12,0.0,4.832817,-0.09539,0.32615,0.05915
960.909358,-0.584,-0.281,0.796,36.641,44.445,-2.76573,8.378695,47.24343,2671172.27,1232927.23,0.0,4.832817,0.00959,0.32881,0.06768
961.909738,-0.525,-0.235,0.751,37.294,44.615,-3.03534,8.378699,47.243425,2671172.58,1232926.68,0.0,4.832817,-0.10445,0.30164,0.03944
962.910373,-0.463,-0.224,0.744,37.815,44.538,3.01298,8.378699,47.243423,2671172.58,1232926.46,0.0,4.832817,-0.13003,0.29791,0.09859
963.910518,-0.457,-0.213,0.788,38.296,44.379,2.78072,8.378702,47.243407,2671172.83,1232924.68,0.0,4.832817,-0.02931,0.23982,0.04104
964.911412,-0.302,-0.126,0.779,38.599,44.241,2.59902,8.378703,47.243396,2671172.92,1232923.46,0.0,4.832817,0.09433,0.16947,0.04903
965.91147,-0.111,0.006,0.798,38.811,44.106,2.48925,8.378703,47.243388,2671172.93,1232922.57,0.0,4.832817,-0.07887,-5.3E-4,-0.01759
966.911542,0.061,-0.035,0.82,38.8,44.071,2.4929,8.378704,47.243384,2671173.01,1232922.13,0.0,4.832817,0.04583,0.01652,0.01386
967.911633,0.171,-0.061,0.789,38.664,44.185,2.44801,8.378704,47.243381,2671173.01,1232921.79,0.0,4.832817,0.0048,0.0906,0.02132
968.911774,0.287,-0.08,0.839,38.45,44.396,2.36751,8.378703,47.243379,2671172.94,1232921.57,0.0,4.832817,-0.12097,0.08474,0.01226
969.911871,0.19,-0.048,0.88,38.317,44.541,2.31019,8.378703,47.243374,2671172.95,1232921.01,0.0,4.832817,-0.05009,0.06075,0.0048
970.911961,0.136,-0.03,0.752,38.195,44.682,2.28339,8.378705,47.243373,2671173.1,1232920.91,0.0,4.832817,-0.03784,0.04104,0.00533
971.91215,0.173,-0.054,0.763,38.153,44.736,2.2538,8.378704,47.243373,2671173.02,1232920.9,0.0,4.832817,0.00533,0.11991,0.01812
972.912184,0.237,-0.113,0.774,37.96,45.009,2.14875,8.3787,47.24337,2671172.72,1232920.57,0.0,4.832817,0.03464,0.07248,-0.08687
973.912194,0.208,-0.104,0.81,37.871,45.181,2.04587,8.378699,47.243369,2671172.65,1232920.46,0.0,4.832817,0.13643,0.1263,-0.00107
974.912318,0.003,-0.009,0.807,37.758,45.366,1.95493,8.378697,47.243369,2671172.5,1232920.45,0.0,4.832817,-0.21637,-0.01013,-0.03091
975.912334,0.127,-0.05,0.827,37.749,45.396,1.92596,8.378702,47.24337,2671172.88,1232920.57,0.0,4.832817,0.03464,0.07194,0.01119
976.91272,0.184,-0.081,0.846,37.711,45.534,1.83763,8.378704,47.243372,2671173.02,1232920.79,0.0,4.832817,0.02878,0.06502,-0.03944
977.913391,0.194,-0.107,0.759,37.679,45.695,1.74774,8.378706,47.243373,2671173.17,1232920.91,0.0,4.832817,0.05489,0.15188,0.0373
978.91396,0.203,-0.094,0.75,37.651,45.951,1.64691,8.378711,47.243374,2671173.55,1232921.02,0.0,4.832817,0.09166,0.11831,0.00373
979.914587,0.166,-0.081,0.749,37.652,46.106,1.55908,8.378716,47.243379,2671173.92,1232921.58,0.0,4.832817,-0.02611,0.0842,-0.00107
980.914605,0.167,-0.087,0.766,37.663,46.274,1.46668,8.378721,47.243383,2671174.3,1232922.03,0.0,4.832817,0.00266,0.09912,0.02398
981.914709,0.19,-0.089,0.775,37.698,46.498,1.37991,8.378726,47.243385,2671174.67,1232922.26,0.514,4.832817,0.08314,0.11884,0.01652
982.914875,0.171,-0.087,0.787,37.76,46.722,1.28172,8.378729,47.243389,2671174.89,1232922.71,0.566,4.832817,-0.10179,0.04796,-0.03464
983.915909,0.137,-0.065,0.831,37.782,46.782,1.20941,8.378731,47.24339,2671175.04,1232922.82,0.566,4.832817,0.00586,0.08633,0.02185
984.91654,0.138,-0.067,0.802,37.868,46.978,1.14141,8.378732,47.243388,2671175.12,1232922.6,0.0,4.832817,-0.05276,0.0906,0.03357
985.917167,0.158,-0.074,0.792,37.959,47.146,1.06368,8.378733,47.243387,2671175.2,1232922.49,0.0,4.832817,0.0048,0.09113,0.00266
986.917786,0.142,-0.059,0.776,38.018,47.235,0.99286,8.37873,47.243384,2671174.98,1232922.15,0.0,4.832817,0.01705,0.09433,0.03144
987.918462,-0.003,0.002,0.748,38.038,47.26,0.96112,8.378731,47.243383,2671175.05,1232922.04,0.0,4.832817,0.00266,0.01652,-5.3E-4
988.919029,-0.003,0.006,0.799,38.039,47.259,0.96552,8.37873,47.24338,2671174.98,1232921.71,0.0,4.832817,5.3E-4,0.01279,-0.00533
989.919151,-0.001,0.002,0.797,38.101,47.347,0.96427,8.37873,47.243379,2671174.98,1232921.59,0.0,4.832817,0.00586,0.01119,-0.00426
990.919393,0.0,0.0,0.776,38.04,47.257,0.96159,8.378731,47.24338,2671175.06,1232921.71,0.0,4.832817,0.00586,0.01119,-0.00586
991.919661,0.0,0.0,0.799,38.103,47.345,0.95932,8.378732,47.24338,2671175.13,1232921.71,0.0,4.832817,-0.01492,0.00853,-0.00213
992.920383,0.001,-0.002,0.775,38.043,47.255,0.9634,8.378735,47.243381,2671175.36,1232921.82,0.0,4.832817,0.00266,0.01226,-0.00266
993.921014,0.001,-0.002,0.74,38.105,47.343,0.96195,8.378739,47.243382,2671175.66,1232921.94,0.0,4.832817,0.0032,0.01332,-0.0048
994.921556,0.001,-0.002,0.783,38.044,47.254,0.96475,8.378741,47.243383,2671175.81,1232922.05,0.0,4.832817,0.00213,0.01599,-0.00426
995.922249,-0.001,0.002,0.781,38.066,47.283,0.96122,8.378742,47.243383,2671175.89,1232922.05,0.0,4.832817,0.0048,0.01492,-0.00266
996.922886,-0.001,0.002,0.813,38.067,47.282,0.96473,8.37874,47.243384,2671175.73,1232922.16,0.0,4.832817,0.00213,0.01226,-0.00373
997.923595,0.002,-0.004,0.763,38.068,47.281,0.96203,8.37874,47.243383,2671175.74,1232922.05,0.0,4.832817,0.00266,0.01492,-0.0048
998.923913,-0.002,0.004,0.792,38.069,47.28,0.96544,8.378736,47.243385,2671175.43,1232922.27,0.0,4.832817,0.0032,0.01279,-0.0064
999.924003,0.001,-0.002,0.729,38.07,47.28,0.96331,8.378735,47.243385,2671175.35,1232922.27,0.0,4.832817,0.00426,0.01226,-0.0016
1000.924086,-0.002,0.004,0.747,38.071,47.279,0.96166,8.378734,47.243386,2671175.28,1232922.38,0.0,4.832817,0.00426,0.01226,-0.0032
1001.924091,0.001,-0.002,0.748,38.072,47.279,0.96472,8.378732,47.243386,2671175.13,1232922.37,0.0,4.832817,0.00107,0.01119,-0.0032
1002.924101,-0.001,0.002,0.779,38.073,47.278,0.96181,8.378732,47.243388,2671175.12,1232922.6,0.0,4.832817,0.00373,0.01279,-0.0048
1003.924291,0.002,-0.004,0.791,38.074,47.277,0.96546,8.378734,47.24339,2671175.27,1232922.82,0.0,4.832817,0.0016,0.01279,-0.00586
1004.924373,-0.002,0.004,0.781,38.075,47.277,0.96375,8.378734,47.243391,2671175.27,1232922.93,0.0,4.832817,0.00533,0.01439,-0.00426
1005.924424,0.001,-0.002,0.775,38.076,47.276,0.96173,8.378734,47.243392,2671175.27,1232923.04,0.0,4.832817,5.3E-4,0.01439,-0.0064
1006.924569,0.002,-0.004,0.742,38.078,47.276,0.96501,8.378733,47.243394,2671175.19,1232923.27,0.0,4.832817,0.00533,0.01279,-0.00373
1007.924589,0.002,-0.004,0.741,38.078,47.275,0.96334,8.378732,47.243396,2671175.11,1232923.49,0.0,4.832817,0.00533,0.01226,-0.0048
