8.32E-4,0,0.0,0,0,0,0,0,0,0.0,0,0,0,0,0,0,0
1.000937,0,0.0,0,0,0,0,0,0,0.0,0,0,0,0,0,0,0
2.001588,0,0.0,0,0,0,0,0,0,0.0,0,0,0,0,0,0,0
3.014457,0,0.0,0,0,0,0,0,0,0.0,0,0,0,0,0,0,0
4.014838,0,0.0,0,0,0,0,0,0,0.0,0,0,0,0,0,0,0
5.015476,0,0.0,0,0,0,0,0,0,0.0,0,0,0,0,0,0,0
6.015683,0,0.0,0,0,0,0,0,0,0.0,0,0,0,0,0,0,0
7.016429,0,0.0,0,0,0,0,0,0,0.0,0,0,0,0,0,0,0
8.016495,7,0.0,23,20,591396872,0,0,7,0.0,22,18,588251144,0,0,0,0
9.016498,7,0.0,29,25,591396872,0,0,7,0.016666666666666666,27,23,588251144,0,0,0,0
10.016704,7,0.0,29,26,591396872,0,0,7,0.016666666666666666,27,23,588251144,0,0,0,0
11.016837,7,0.0,29,26,591396872,0,0,7,0.016666666666666666,27,23,588251144,0,0,0,0
12.016958,7,0.0,29,26,591396872,0,0,7,0.016666666666666666,27,23,588251144,0,0,0,0
13.017148,7,0.0,29,26,591396872,0,0,7,-0.05,27,23,588251144,0,0,0,0
14.017261,7,0.0,29,26,591396872,0,0,7,-0.05,27,23,588251144,0,0,0,0
15.017331,7,0.0,29,26,591396872,0,0,7,0.016666666666666666,27,23,588251144,0,0,0,0
16.017335,7,0.0,29,26,591396872,0,0,7,0.016666666666666666,27,23,588251144,0,0,0,0
17.017445,7,0.0,29,26,591396872,0,0,7,0.016666666666666666,27,23,588251144,0,0,0,0
18.018188,7,0.0,29,26,591396872,0,0,7,0.016666666666666666,27,23,588251144,0,0,0,0
19.018569,7,0.0,29,26,591396872,0,0,7,-0.03333333333333333,27,23,588251144,0,0,0,0
20.018627,7,0.0,29,26,591396872,0,0,7,0.03333333333333333,27,24,588251144,0,0,0,0
21.018959,7,0.0,29,26,591396872,0,0,7,0.016666666666666666,27,24,588251144,0,0,0,0
22.019337,7,0.0,29,26,591396872,0,0,7,0.0,27,24,588251144,0,0,0,0
23.019639,7,0.0,29,26,591396872,0,0,7,-0.03333333333333333,27,24,588251144,0,0,0,0
24.019778,7,-0.03333333333333333,29,26,591396872,0,0,7,0.06666666666666667,27,24,588251144,0,0,0,0
25.019842,7,0.0,29,26,591396872,0,0,7,0.0,27,24,588251144,0,0,0,0
26.019956,7,0.05,29,26,591396872,0,0,7,-0.03333333333333333,27,24,588251144,0,0,0,0
27.020057,7,0.05,29,26,591396872,0,0,7,-0.03333333333333333,27,24,588251144,0,0,0,0
28.020737,7,0.0,29,26,591396872,0,0,7,-0.016666666666666666,27,24,588251144,0,0,0,0
29.020799,7,0.016666666666666666,29,26,591396872,0,0,7,-0.016666666666666666,27,24,588251144,0,0,0,0
30.021988,7,0.0,29,26,591396872,0,0,7,0.0,27,24,588251144,0,0,0,0
31.022196,7,0.03333333333333333,29,26,591396872,0,0,7,0.0,27,24,588251144,0,0,0,0
32.023326,7,-0.016666666666666666,29,26,591396872,0,0,7,0.0,27,24,588251144,0,0,0,0
33.023664,7,0.0,29,26,591396872,0,0,7,0.0,27,24,588251144,0,0,0,0
34.024202,7,0.0,29,26,591396872,0,0,7,0.0,27,24,588251144,0,0,0,0
35.024268,7,0.0,29,26,591396872,0,0,7,0.0,27,24,588251144,0,0,0,0
36.024303,7,0.0,29,26,591396872,0,0,7,0.0,27,24,588251144,0,0,0,0
37.024346,7,0.0,29,26,591396872,0,0,7,0.0,27,24,588251144,0,0,0,0
38.024372,7,0.0,29,26,591396872,0,0,7,0.0,27,24,588251144,0,0,0,0
39.024575,7,0.0,29,26,591396872,0,0,7,0.0,27,24,588251144,0,0,0,0
40.024597,7,0.0,29,26,591396872,0,0,7,0.0,27,24,588251144,0,0,0,0
41.024671,7,0.0,29,26,591396872,0,0,7,0.0,27,24,588251144,0,0,0,0
42.024763,7,0.0,29,26,591396872,0,0,7,0.0,27,24,588251144,0,0,0,0
43.024782,7,0.0,29,26,591396872,0,0,7,0.0,27,24,588251144,0,0,0,0
44.024808,7,0.0,29,27,591396872,0,0,7,0.0,27,24,588251144,0,0,0,0
45.024904,7,0.0,29,27,591396872,0,0,7,0.0,27,24,588251144,0,0,0,0
46.024946,7,0.0,29,27,591396872,0,0,7,0.0,27,24,588251144,0,0,0,0
47.025036,7,0.0,29,27,591396872,0,0,7,0.0,27,24,588251144,0,0,0,0
48.025117,7,0.0,29,27,591396872,0,0,7,0.0,27,24,588251144,0,0,0,0
49.025133,7,0.0,29,27,591396872,0,0,7,0.0,27,24,588251144,0,0,0,0
50.025157,7,0.0,29,27,591396872,0,0,7,0.0,27,24,588251144,0,0,0,0
51.02524,7,0.03333333333333333,29,27,591396872,0,0,7,0.0,27,24,588251144,0,0,0,0
52.025313,7,0.0,29,27,591396872,0,0,7,0.0,27,24,588251144,0,0,0,0
53.025858,7,0.0,29,27,591396872,0,0,7,0.0,27,24,588251144,0,0,0,0
54.026599,7,0.0,29,27,591396872,0,0,7,0.0,27,24,588251144,0,0,0,0
55.027271,7,0.0,29,27,591396872,0,0,7,0.0,27,24,588251144,0,0,0,0
56.027502,7,0.0,29,27,591396872,0,0,7,0.0,27,24,588251144,0,0,0,0
57.027688,7,0.0,29,27,591396872,0,0,7,0.0,27,24,588251144,0,0,0,0
58.027884,7,0.0,29,27,591396872,0,0,7,0.0,27,24,588251144,0,0,0,0
59.028304,7,0.0,29,27,591396872,0,0,7,0.0,27,24,588251144,0,0,0,0
60.029073,7,0.0,29,27,591396872,0,0,7,0.0,27,24,588251144,0,0,0,0
61.029645,7,0.0,29,27,591396872,0,0,7,0.0,27,24,588251144,0,0,0,0
62.029694,7,0.0,29,27,591396872,0,0,7,0.0,27,25,588251144,0,0,0,0
63.02982,7,0.0,29,27,591396872,0,0,7,0.0,27,24,588251144,0,0,0,0
64.029836,7,0.0,29,27,591396872,0,0,7,0.0,27,24,588251144,0,0,0,0
65.030017,7,0.0,29,27,591396872,0,0,3,0.0,27,24,588251144,0,0,0,0
66.030109,7,-0.016666666666666666,29,27,591396872,0,0,7,0.0,27,24,588251144,0,0,0,0
67.030215,7,0.0,29,27,591396872,0,0,7,0.0,27,25,588251144,0,0,0,0
68.030268,7,-0.3,29,27,591396872,0,0,7,-0.3,27,24,588251144,0,0,0,0
69.030312,7,-0.016666666666666666,29,27,591396872,0,0,7,0.0,27,25,588251144,0,0,0,0
70.030604,7,0.0,29,27,591396872,0,0,7,0.0,27,25,588251144,0,0,0,0
71.030611,7,0.0,29,27,591396872,0,0,7,0.0,27,25,588251144,0,0,0,0
72.031354,7,0.0,29,27,591396872,0,0,7,0.0,27,25,588251144,0,0,0,0
73.032005,7,-0.016666666666666666,29,27,591396872,0,0,7,0.0,27,25,588251144,0,0,0,0
74.03247,7,0.0,29,27,591396872,0,0,7,0.0,27,25,588251144,0,0,0,0
75.032516,7,-0.016666666666666666,29,27,591396872,0,0,7,0.0,27,25,588251144,0,0,0,0
76.032628,7,0.03333333333333333,29,27,591396872,0,0,7,0.0,27,25,588251144,0,0,0,0
77.032885,7,0.0,29,27,591396872,0,0,7,0.0,27,25,588251144,0,0,0,0
78.033838,7,-0.016666666666666666,29,27,591396872,0,0,7,0.0,27,25,588251144,0,0,0,0
79.034448,7,0.0,29,27,591396872,0,0,7,0.0,27,25,588251144,0,0,0,0
80.035016,7,0.0,29,27,591396872,0,0,7,0.0,27,25,588251144,0,0,0,0
81.035037,7,0.0,29,27,591396872,0,0,7,0.0,27,25,588251144,0,0,0,0
82.035048,7,0.0,29,27,591396872,0,0,7,0.0,27,25,588251144,0,0,0,0
83.035123,7,0.0,29,27,591396872,0,0,7,0.0,27,25,588251144,0,0,0,0
84.03569,7,0.0,29,27,591396872,0,0,7,0.0,27,25,588251144,0,0,0,0
85.036553,7,0.0,29,27,591396872,0,0,7,0.0,27,25,588251144,0,0,0,0
86.037412,7,0.0,29,27,591396872,0,0,7,0.03333333333333333,27,25,588251144,0,0,0,0
87.037434,7,0.0,29,27,591396872,0,0,7,-0.03333333333333333,27,25,588251144,0,0,0,0
88.037513,7,0.0,29,27,591396872,0,0,7,-0.03333333333333333,27,25,588251144,0,0,0,0
89.037545,7,0.0,29,27,591396872,0,0,7,0.016666666666666666,27,25,588251144,0,0,0,0
90.03777,7,0.0,29,27,591396872,0,0,7,0.016666666666666666,27,25,588251144,0,0,0,0
91.038013,7,0.0,29,27,591396872,0,0,7,-0.05,27,25,588251144,0,0,0,0
92.038726,7,0.0,29,27,591396872,0,0,7,-0.03333333333333333,27,25,588251144,0,0,0,0
93.039378,7,-0.016666666666666666,29,27,591396872,0,0,7,0.0,27,25,588251144,0,0,0,0
94.039862,7,0.016666666666666666,29,27,591396872,0,0,7,0.0,27,25,588251144,0,0,0,0
95.039991,7,-0.016666666666666666,29,27,591396872,0,0,7,0.0,27,25,588251144,0,0,0,0
96.040077,7,0.016666666666666666,29,27,591396872,0,0,7,0.0,27,25,588251144,0,0,0,0
97.040319,7,0.016666666666666666,29,27,591396872,0,0,7,0.0,27,25,588251144,0,0,0,0
98.041134,7,0.016666666666666666,29,27,591396872,0,0,7,0.0,27,25,588251144,0,0,0,0
99.041684,7,0.016666666666666666,29,27,591396872,0,0,7,-0.016666666666666666,27,25,588251144,0,0,0,0
100.042269,7,0.0,29,27,591396872,0,0,7,0.016666666666666666,27,25,588251144,0,0,0,0
101.042289,7,-0.03333333333333333,29,27,591396872,0,0,7,0.0,27,25,588251144,0,0,0,0
102.042368,7,0.0,29,28,591396872,0,0,7,0.0,27,25,588251144,0,0,0,0
103.043068,8199,0.0,29,28,591396872,0,0,7,0.0,27,25,588251144,0,0,0,0
104.04373,7,0.0,29,27,591396872,0,0,7,0.0,27,25,588251144,0,0,0,0
105.044363,7,0.0,29,27,591396872,0,0,7,0.0,27,25,588251144,0,0,0,0
106.044438,7,0.0,29,28,591396872,0,0,7,0.0,26,25,588251144,0,0,0,0
107.044453,7,0.0,29,27,591396872,0,0,7,0.0,27,25,588251144,0,0,0,0
108.044522,7,0.016666666666666666,29,27,591396872,0,0,7,0.0,27,25,588251144,0,0,0,0
109.044558,7,0.0,29,28,591396872,0,0,7,0.0,27,25,588251144,0,0,0,0
110.044625,7,0.0,29,28,591396872,0,0,7,0.0,27,25,588251144,0,0,0,0
111.04463,7,0.0,29,28,591396872,0,0,7,0.0,27,25,588251144,0,0,0,0
112.049209,7,0.0,29,28,591396872,0,0,7,0.0,27,25,588251144,0,0,0,0
113.049693,7,0.0,29,28,591396872,0,0,7,0.0,27,25,588251144,0,0,0,0
114.051087,7,0.0,29,28,591396872,0,0,7,0.0,27,25,588251144,0,0,0,0
115.053315,7,0.0,29,28,591396872,0,0,7,0.0,27,25,588251144,0,0,0,0
116.061939,7,0.0,29,28,591396872,0,0,7,0.0,27,25,588251144,0,0,0,0
117.061948,7,0.0,29,28,591396872,0,0,7,0.0,27,25,588251144,0,0,0,0
118.061979,7,0.0,29,28,591396872,0,0,7,0.0,27,25,588251144,0,0,0,0
119.064295,7,0.0,29,28,591396872,0,0,7,0.0,27,25,588251144,0,0,0,0
120.064416,7,0.0,29,28,591396872,0,0,7,0.0,27,25,588251144,0,0,0,0
121.065032,7,0.0,29,28,591396872,0,0,7,0.0,27,25,588251144,0,0,0,0
122.06545,7,0.0,29,28,591396872,0,0,7,0.0,27,25,588251144,0,0,0,0
123.065475,7,-0.016666666666666666,29,28,591396872,0,0,7,0.0,27,25,588251144,0,0,0,0
124.065632,7,0.0,29,28,591396872,0,0,7,0.0,27,25,588251144,0,0,0,0
125.065712,7,-0.03333333333333333,29,28,591396872,0,0,7,0.03333333333333333,27,25,588251144,0,0,0,0
126.065736,7,-0.03333333333333333,29,28,591396872,0,0,7,-0.03333333333333333,27,26,588251144,0,0,0,0
127.065842,7,0.0,29,28,591396872,0,0,7,0.03333333333333333,27,25,588251144,0,0,0,0
128.065893,7,0.03333333333333333,29,28,591396872,0,0,7,0.0,27,26,588251144,0,0,0,0
129.065953,7,0.0,29,28,591396872,0,0,7,0.0,27,26,588251144,0,0,0,0
130.065984,7,0.0,29,28,591396872,0,0,7,0.0,27,26,588251144,0,0,0,0
131.066095,7,0.0,29,28,591396872,0,0,7,-0.016666666666666666,27,26,588251144,0,0,0,0
132.066174,7,-0.016666666666666666,29,28,591396872,0,0,7,0.0,27,26,588251144,0,0,0,0
133.06637,7,0.03333333333333333,29,28,591396872,0,0,7,0.0,27,26,588251144,0,0,0,0
134.066629,7,0.03333333333333333,29,28,591396872,0,0,7,0.016666666666666666,27,26,588251144,0,0,0,0
135.067302,7,0.0,29,28,591396872,0,0,7,0.0,27,26,588251144,0,0,0,0
136.067727,7,0.0,29,28,591396872,0,0,7,0.0,27,26,588251144,0,0,0,0
137.068274,7,0.0,29,28,591396872,0,0,7,0.0,27,26,588251144,0,0,0,0
138.068356,7,0.0,29,28,591396872,0,0,7,0.0,27,26,588251144,0,0,0,0
139.068488,7,0.0,29,28,591396872,0,0,7,0.0,27,26,588251144,0,0,0,0
140.068575,7,0.016666666666666666,29,28,591396872,0,0,7,0.0,27,26,588251144,0,0,0,0
141.068622,7,0.0,29,28,591396872,0,0,7,0.0,27,26,588251144,0,0,0,0
142.068993,7,0.0,29,28,591396872,0,0,3,0.0,27,26,588251144,0,0,0,0
143.069712,7,0.0,28,28,591396872,0,0,7,0.0,27,26,588251144,0,0,0,0
144.070356,7,-0.016666666666666666,29,28,591396872,0,0,7,0.0,27,26,588251144,0,0,0,0
145.070765,7,0.0,29,28,591396872,0,0,7,0.0,27,26,588251144,0,0,0,0
146.07093,7,0.0,29,28,591396872,0,0,7,0.0,27,26,588251144,0,0,0,0
147.071091,7,0.0,29,28,591396872,0,0,7,0.0,27,26,588251144,0,0,0,0
148.071146,7,0.0,29,28,591396872,0,0,7,0.0,27,26,588251144,0,0,0,0
149.071208,7,0.0,29,28,591396872,0,0,7,0.0,27,26,588251144,0,0,0,0
150.071241,7,0.0,29,28,591396872,0,0,7,0.0,27,26,588251144,0,0,0,0
151.071294,7,0.0,29,28,591396872,0,0,7,0.0,27,26,588251144,0,0,0,0
152.071388,7,0.0,29,28,591396872,0,0,7,0.0,27,26,588251144,0,0,0,0
153.071558,7,0.0,29,28,591396872,0,0,7,0.0,27,26,588251144,0,0,0,0
154.071756,7,0.0,29,28,591396872,0,0,7,0.0,27,26,588251144,0,0,0,0
155.071949,7,0.0,29,28,591396872,0,0,7,0.0,27,26,588251144,0,0,0,0
156.072575,7,0.0,29,28,591396872,0,0,7,0.0,27,26,588251144,0,0,0,0
157.072721,7,0.0,29,28,591396872,0,0,7,0.0,27,26,588251144,0,0,0,0
158.072741,7,0.016666666666666666,29,28,591396872,0,0,7,0.0,27,26,588251144,0,0,0,0
159.073158,7,0.0,29,28,591396872,0,0,7,0.0,27,26,588251144,0,0,0,0
160.073181,7,0.0,29,28,591396872,0,0,7,0.0,27,26,588251144,0,0,0,0
161.073198,7,0.0,29,28,591396872,0,0,7,0.0,27,26,588251144,0,0,0,0
162.073738,7,0.0,29,28,591396872,0,0,7,0.0,27,26,588251144,0,0,0,0
163.073873,7,0.0,29,28,591396872,0,0,7,0.0,27,26,588251144,0,0,0,0
164.073914,7,0.0,29,28,591396872,0,0,7,0.0,27,26,588251144,0,0,0,0
165.074023,7,0.0,29,28,591396872,0,0,7,0.0,27,26,588251144,0,0,0,0
166.074073,7,0.0,29,28,591396872,0,0,7,0.0,27,26,588251144,0,0,0,0
167.074106,7,0.0,29,28,591396872,0,0,7,0.0,27,26,588251144,0,0,0,0
168.074131,7,0.0,29,28,591396872,0,0,7,0.0,27,26,588251144,0,0,0,0
169.074205,7,0.0,29,28,591396872,0,0,7,0.0,27,26,588251144,0,0,0,0
170.074279,7,0.0,29,28,591396872,0,0,7,0.0,27,26,588251144,0,0,0,0
171.07432,7,0.0,29,28,591396872,0,0,7,0.0,27,26,588251144,0,0,0,0
172.074475,7,0.0,29,28,591396872,0,0,7,0.0,27,26,588251144,0,0,0,0
173.0745,7,0.0,29,28,591396872,0,0,7,0.0,27,26,588251144,0,0,0,0
174.074524,7,0.0,29,28,591396872,0,0,7,0.0,27,26,588251144,0,0,0,0
175.074582,7,0.0,29,28,591396872,0,0,7,0.0,27,26,588251144,0,0,0,0
176.074684,7,0.0,29,29,591396872,0,0,7,0.0,27,26,588251144,0,0,0,0
177.074771,7,0.016666666666666666,29,29,591396872,0,0,7,0.0,27,26,588251144,0,0,0,0
178.074781,7,0.0,29,28,591396872,0,0,7,-0.05,27,26,588251144,0,0,0,0
179.074844,7,0.0,29,29,591396872,0,0,7,0.0,27,26,588251144,0,0,0,0
180.074916,8199,0.0,29,29,591396872,0,0,7,0.0,27,26,588251144,0,0,0,0
181.075004,7,0.016666666666666666,29,29,591396872,0,0,7,0.0,27,26,588251144,0,0,0,0
182.07503,7,-0.03333333333333333,29,29,591396872,0,0,7,-0.05,27,26,588251144,0,0,0,0
183.075107,7,0.016666666666666666,29,29,591396872,0,0,7,0.0,27,26,588251144,0,0,0,0
184.075235,7,0.016666666666666666,29,29,591396872,0,0,7,0.0,27,26,588251144,0,0,0,0
185.075262,7,0.016666666666666666,29,29,591396872,0,0,7,0.016666666666666666,27,26,588251144,0,0,0,0
186.075271,7,-0.016666666666666666,29,29,591396872,0,0,7,0.016666666666666666,27,26,588251144,0,0,0,0
187.075326,7,-0.016666666666666666,29,29,591396872,0,0,7,-0.05,27,26,588251144,0,0,0,0
188.075414,7,0.0,29,29,591396872,0,0,7,0.016666666666666666,27,26,588251144,0,0,0,0
189.075429,7,-0.016666666666666666,29,29,591396872,0,0,7,0.016666666666666666,27,26,588251144,0,0,0,0
190.075559,7,0.03333333333333333,29,29,591396872,0,0,7,0.016666666666666666,27,26,588251144,0,0,0,0
191.075644,7,0.016666666666666666,29,29,591396872,0,0,7,0.016666666666666666,27,26,588251144,0,0,0,0
192.075682,7,-0.016666666666666666,29,29,591396872,0,0,7,0.016666666666666666,27,26,588251144,0,0,0,0
193.075706,7,0.03333333333333333,29,29,591396872,0,0,7,0.016666666666666666,27,26,588251144,0,0,0,0
194.075727,7,0.0,29,29,591396872,0,0,7,0.0,27,26,588251144,0,0,0,0
195.075894,7,0.0,29,29,591396872,0,0,7,0.016666666666666666,27,26,588251144,0,0,0,0
196.076695,7,0.0,29,29,591396872,0,0,7,0.0,27,26,588251144,0,0,0,0
197.077407,7,-0.05,29,29,591396872,0,0,7,-0.06666666666666667,27,26,588251144,0,0,0,0
198.077937,7,-0.03333333333333333,29,29,591396872,0,0,7,-0.016666666666666666,27,26,588251144,0,0,0,0
199.078213,7,0.03333333333333333,29,29,591396872,0,0,7,0.05,27,27,588251144,0,0,0,0
200.078228,7,0.0,29,29,591396872,0,0,7,0.0,27,26,588251144,0,0,0,0
201.07831,7,0.0,29,29,591396872,0,0,7,0.0,27,27,588251144,0,0,0,0
202.078321,7,0.0,29,29,591396872,0,0,7,0.0,27,27,588251144,0,0,0,0
203.078571,7,0.0,29,29,591396872,0,0,7,0.0,27,27,588251144,0,0,0,0
204.078583,7,0.0,29,29,591396872,0,0,7,0.0,27,27,588251144,0,0,0,0
205.078641,7,0.0,29,29,591396872,0,0,7,0.0,27,27,588251144,0,0,0,0
206.078689,7,0.0,29,29,591396872,0,0,7,-0.016666666666666666,27,27,588251144,0,0,0,0
207.078756,7,0.0,29,29,591396872,0,0,7,0.0,27,26,588251144,0,0,0,0
208.078849,7,0.0,29,29,591396872,0,0,7,0.0,27,27,588251144,0,0,0,0
209.078886,7,0.0,29,29,591396872,0,0,7,0.0,27,27,588251144,0,0,0,0
210.078919,7,0.0,29,29,591396872,0,0,7,0.0,27,27,588251144,0,0,0,0
211.078947,7,0.0,29,29,591396872,0,0,7,0.0,27,27,588251144,0,0,0,0
212.079059,7,0.0,29,29,591396872,0,0,7,0.0,27,27,588251144,0,0,0,0
213.079557,7,0.0,29,29,591396872,0,0,7,0.0,27,27,588251144,0,0,0,0
214.079818,7,0.0,29,29,591396872,0,0,7,0.0,27,27,588251144,0,0,0,0
215.080148,7,0.0,29,29,591396872,0,0,7,0.0,27,27,588251144,0,0,0,0
216.081004,7,0.0,29,29,591396872,0,0,7,0.0,27,27,588251144,0,0,0,0
217.081345,263,5.216666666666667,29,29,591396872,0,0,263,5.233333333333333,27,27,588251144,0,0,-160,-160
218.081496,7,8.233333333333333,29,30,591396872,0,0,7,9.333333333333334,27,27,588251144,0,0,396,396
219.081543,7,11.066666666666666,29,30,591396872,0,0,7,12.533333333333333,27,27,588251144,0,0,412,412
220.081549,7,10.033333333333333,29,30,591396872,0,0,7,11.866666666666667,27,27,588251144,0,0,268,268
221.081592,7,14.25,29,30,591396872,0,0,7,17.466666666666665,27,28,588251144,0,0,463,463
222.081686,7,14.033333333333333,29,30,591396872,0,0,7,18.916666666666668,27,28,588251144,0,0,144,144
223.081757,7,13.716666666666667,29,30,591396872,0,0,7,17.95,27,27,588251144,0,0,162,162
224.081869,7,14.016666666666666,29,30,591396872,0,0,7,17.333333333333332,27,27,588251144,0,0,167,167
225.081944,7,15.233333333333333,29,30,591396872,0,0,7,16.85,27,27,588251144,0,0,175,175
226.082068,7,22.85,29,30,591396872,0,0,7,23.616666666666667,27,28,588251144,0,0,803,803
227.082147,263,28.5,29,30,591396872,0,0,8455,28.933333333333334,27,28,588251144,0,0,-483,-483
228.082199,7,21.5,29,30,591396872,0,0,7,21.633333333333333,27,28,588251144,0,0,125,125
229.083037,7,20.75,29,30,591396872,0,0,7,20.5,27,28,588251144,0,0,157,157
230.083644,7,21.216666666666665,29,30,591396872,0,0,7,20.266666666666666,27,28,588251144,0,0,156,156
231.084094,7,23.15,29,30,591396872,0,0,7,19.116666666666667,27,28,588251144,0,0,322,322
232.084272,7,25.166666666666668,29,30,591396872,0,0,7,19.816666666666666,28,28,588251144,0,0,281,281
233.084376,7,26.53333333333333,29,30,591396872,0,0,7,19.833333333333332,28,28,588251144,0,0,216,216
234.084409,7,26.466666666666665,29,30,591396872,0,0,7,20.35,28,28,588251144,0,0,216,216
235.08453,7,26.75,29,30,591396872,0,0,7,20.55,28,28,588251144,0,0,228,228
236.084642,7,26.766666666666666,29,30,591396872,0,0,7,21.083333333333332,28,28,588251144,0,0,219,219
237.084676,7,25.53333333333333,29,30,591396872,0,0,7,23.733333333333334,28,28,588251144,0,0,201,201
238.084857,7,24.6,29,30,591396872,0,0,7,24.85,28,28,588251144,0,0,198,198
239.084907,7,24.4,29,30,591396872,0,0,7,25.03333333333333,28,28,588251144,0,0,194,194
240.08601,7,24.416666666666668,29,30,591396872,0,0,7,25.816666666666666,28,28,588251144,0,0,185,185
241.08663,7,17.583333333333332,29,30,591396872,0,0,7,19.9,28,28,588251144,0,0,0,0
242.086851,7,17.766666666666666,30,30,591396872,0,0,7,21.066666666666666,28,28,588251144,0,0,0,0
243.086906,263,9.016666666666666,29,30,591396872,0,0,263,10.95,28,28,588251144,0,0,-299,-299
244.087003,263,3.8166666666666664,30,30,591396872,0,0,263,4.683333333333334,28,28,588251144,0,0,-127,-127
245.087203,263,0.8333333333333334,29,30,591396872,0,0,263,0.9166666666666666,28,28,588251144,0,0,-26,-26
246.087234,7,-0.016666666666666666,30,30,591396872,0,0,7,0.0,28,28,588251144,0,0,0,0
247.087728,7,0.03333333333333333,30,30,591396872,0,0,7,0.0,28,28,588251144,0,0,0,0
248.088435,7,2.966666666666667,30,30,591396872,0,0,7,3.4166666666666665,28,28,588251144,0,0,455,455
249.088812,263,2.0833333333333335,30,31,591396872,0,0,263,2.433333333333333,28,28,588251144,0,0,-67,-67
250.089347,263,1.65,30,31,591396872,0,0,263,2.0,28,28,588251144,0,0,-54,-54
251.089494,263,-0.016666666666666666,30,30,591396872,0,0,263,0.0,28,28,588251144,0,0,0,0
252.089675,7,0.0,30,30,591396872,0,0,7,0.0,28,28,588251144,0,0,0,0
253.090196,7,-0.016666666666666666,30,30,591396872,0,0,7,0.0,28,28,588251144,0,0,0,0
254.090815,7,0.016666666666666666,30,30,591396872,0,0,7,0.016666666666666666,28,28,588251144,0,0,0,0
255.091469,7,-0.016666666666666666,30,30,591396872,0,0,7,0.016666666666666666,28,28,588251144,0,0,0,0
256.091692,7,-0.016666666666666666,30,30,591396872,0,0,7,0.016666666666666666,28,28,588251144,0,0,0,0
257.091768,7,-0.016666666666666666,30,30,591396872,0,0,7,-0.03333333333333333,28,28,588251144,0,0,0,0
258.09188,7,0.016666666666666666,30,30,591396872,0,0,7,-0.05,28,28,588251144,0,0,0,0
259.092055,7,0.016666666666666666,30,30,591396872,0,0,7,-0.03333333333333333,28,28,588251144,0,0,0,0
260.092192,7,0.0,30,30,591396872,0,0,7,0.0,28,28,588251144,0,0,0,0
261.092634,7,-0.03333333333333333,30,30,591396872,0,0,7,0.0,28,28,588251144,0,0,0,0
262.092936,7,0.0,30,30,591396872,0,0,7,0.0,28,28,588251144,0,0,0,0
263.093882,7,-0.03333333333333333,30,30,591396872,0,0,7,0.0,28,28,588251144,0,0,0,0
264.094238,7,0.03333333333333333,30,30,591396872,0,0,7,-0.05,28,28,588251144,0,0,0,0
265.094297,7,0.0,30,30,591396872,0,0,7,0.016666666666666666,28,28,588251144,0,0,0,0
266.094375,7,0.0,30,30,591396872,0,0,7,0.016666666666666666,28,28,588251144,0,0,0,0
267.094432,7,-0.03333333333333333,30,30,591396872,0,0,7,0.0,28,28,588251144,0,0,0,0
268.094437,7,0.0,30,30,591396872,0,0,7,-0.03333333333333333,28,28,588251144,0,0,0,0
269.094536,7,0.016666666666666666,30,30,591396872,0,0,7,-0.05,28,28,588251144,0,0,0,0
270.094625,7,0.0,30,30,591396872,0,0,7,0.0,28,28,588251144,0,0,0,0
271.094736,7,-0.03333333333333333,30,30,591396872,0,0,7,-0.05,28,28,588251144,0,0,0,0
272.094737,7,-0.05,30,30,591396872,0,0,7,0.016666666666666666,28,28,588251144,0,0,0,0
273.095025,7,0.0,30,30,591396872,0,0,7,0.0,28,28,588251144,0,0,0,0
274.095619,7,0.0,30,30,591396872,0,0,7,-0.05,28,28,588251144,0,0,0,0
275.095847,7,0.0,30,30,591396872,0,0,7,0.016666666666666666,28,28,588251144,0,0,0,0
276.096717,7,-0.016666666666666666,30,30,591396872,0,0,7,0.0,28,28,588251144,0,0,0,0
277.096739,7,0.0,30,30,591396872,0,0,7,0.016666666666666666,28,28,588251144,0,0,0,0
278.096751,7,0.0,30,30,591396872,0,0,7,0.0,28,28,588251144,0,0,0,0
279.097038,7,0.0,30,30,591396872,0,0,7,0.016666666666666666,28,28,588251144,0,0,0,0
280.097101,7,0.0,30,30,591396872,0,0,7,0.016666666666666666,28,28,588251144,0,0,0,0
281.097195,7,0.0,30,30,591396872,0,0,7,0.0,28,28,588251144,0,0,0,0
282.097279,7,0.0,30,30,591396872,0,0,7,0.016666666666666666,28,28,588251144,0,0,0,0
283.097356,7,0.0,30,30,591396872,0,0,7,-0.03333333333333333,28,28,588251144,0,0,0,0
284.097377,7,0.0,30,30,591396872,0,0,7,0.016666666666666666,28,28,588251144,0,0,0,0
285.097407,7,0.0,30,30,591396872,0,0,7,0.016666666666666666,28,28,588251144,0,0,0,0
286.097507,7,0.0,30,30,591396872,0,0,7,0.016666666666666666,28,28,588251144,0,0,0,0
287.097547,7,0.0,30,30,591396872,0,0,7,-0.03333333333333333,28,28,588251144,0,0,0,0
288.097851,7,0.0,30,30,591396872,0,0,7,0.016666666666666666,28,28,588251144,0,0,0,0
289.09841,7,0.0,30,30,591396872,0,0,7,-0.05,28,28,588251144,0,0,0,0
290.098543,7,0.0,30,30,591396872,0,0,7,-0.03333333333333333,28,28,588251144,0,0,0,0
291.099746,7,0.0,30,30,591396872,0,0,7,0.016666666666666666,28,28,588251144,0,0,0,0
292.099897,7,0.0,30,30,591396872,0,0,7,0.016666666666666666,28,28,588251144,0,0,0,0
293.100324,7,0.0,30,30,591396872,0,0,7,0.016666666666666666,28,28,588251144,0,0,0,0
294.100669,7,0.0,30,30,591396872,0,0,7,0.0,28,28,588251144,0,0,0,0
295.100883,7,0.03333333333333333,30,31,591396872,0,0,7,0.0,28,28,588251144,0,0,0,0
296.101481,7,0.03333333333333333,30,30,591396872,0,0,7,0.0,28,28,588251144,0,0,0,0
297.101816,7,0.0,30,30,591396872,0,0,7,0.0,28,28,588251144,0,0,0,0
298.101911,7,0.0,30,31,591396872,0,0,7,0.0,28,28,588251144,0,0,0,0
299.102055,7,-0.016666666666666666,30,30,591396872,0,0,7,0.0,28,28,588251144,0,0,0,0
300.102372,7,2.8,30,30,591396872,0,0,7,3.25,28,28,588251144,0,0,513,513
301.102503,7,6.983333333333333,30,31,591396872,0,0,7,8.266666666666666,28,28,588251144,0,0,381,381
302.10254,7,10.166666666666666,30,31,591396872,0,0,7,12.133333333333333,28,28,588251144,0,0,483,483
303.102602,7,12.366666666666667,30,31,591396872,0,0,7,14.916666666666666,28,29,588251144,0,0,349,349
304.102768,7,15.166666666666666,30,31,591396872,0,0,7,19.183333333333334,28,29,588251144,0,0,535,535
305.10288,7,15.333333333333334,30,31,591396872,0,0,7,20.25,28,29,588251144,0,0,136,136
306.102923,7,14.9,30,31,591396872,0,0,7,20.05,28,29,588251144,0,0,212,212
307.102981,7,16.933333333333334,30,31,591396872,0,0,7,20.55,28,29,588251144,0,0,298,298
308.103037,7,20.383333333333333,30,31,591396872,0,0,7,22.816666666666666,28,29,588251144,0,0,397,397
309.103134,7,23.7,30,31,591396872,0,0,7,24.95,28,29,588251144,0,0,315,315
310.103221,7,27.666666666666668,30,31,591396872,0,0,7,27.8,28,29,588251144,0,0,388,388
311.103228,7,30.25,30,31,591396872,0,0,7,30.349999999999998,28,29,588251144,0,0,315,315
312.103677,263,31.349999999999998,30,31,591396872,0,0,263,30.03333333333333,28,29,588251144,0,0,-141,-141
313.104008,7,30.816666666666666,30,31,591396872,0,0,7,24.883333333333333,28,29,588251144,0,0,175,175
314.104917,7,30.933333333333334,30,31,591396872,0,0,7,23.933333333333334,28,29,588251144,0,0,191,191
315.105342,7,30.083333333333332,30,31,591396872,0,0,7,22.566666666666666,28,29,588251144,0,0,215,215
316.105435,7,30.183333333333334,30,31,591396872,0,0,7,24.05,28,29,588251144,0,0,319,319
317.105446,7,35.75,30,31,591396872,0,0,7,26.933333333333334,28,29,588251144,0,0,543,543
318.105543,263,32.916666666666664,30,32,591396872,0,0,263,32.083333333333336,28,29,588251144,0,0,-286,-286
319.105618,263,27.0,30,31,591396872,0,0,263,27.716666666666665,28,29,588251144,0,0,86,86
320.105784,7,25.716666666666665,30,31,591396872,0,0,7,26.266666666666666,28,29,588251144,0,0,117,117
321.105847,7,26.433333333333334,30,31,591396872,0,0,7,29.566666666666666,28,29,588251144,0,0,344,344
322.105888,7,26.633333333333333,30,31,591396872,0,0,7,30.75,28,29,588251144,0,0,21,21
323.105986,7,23.216666666666665,30,31,591396872,0,0,7,27.166666666666668,28,29,588251144,0,0,106,106
324.106047,7,23.833333333333332,30,31,591396872,0,0,7,29.016666666666666,28,29,588251144,0,0,464,464
325.106536,7,25.65,30,32,591396872,0,0,7,32.63333333333333,28,29,588251144,0,0,361,361
326.107182,7,25.683333333333334,30,31,591396872,0,0,7,34.21666666666667,28,29,588251144,0,0,598,598
327.107921,7,32.483333333333334,30,32,591396872,0,0,7,36.983333333333334,28,29,588251144,0,0,460,460
328.108165,7,34.666666666666664,30,32,591396872,0,0,7,35.766666666666666,28,30,588251144,0,0,448,448
329.108248,263,28.383333333333333,30,32,591396872,0,0,263,28.366666666666667,28,30,588251144,0,0,-821,-821
330.108421,7,0.8833333333333333,30,32,591396872,0,0,7,8.8,28,30,588251144,0,0,0,0
331.108475,7,-0.06666666666666667,30,32,591396872,0,0,7,-0.08333333333333333,28,30,588251144,0,0,0,0
332.108578,7,-0.03333333333333333,30,32,591396872,0,0,7,0.03333333333333333,28,30,588251144,0,0,0,0
333.108611,7,4.6,30,32,591396872,0,0,7,4.416666666666667,28,30,588251144,0,0,555,555
334.109687,7,15.15,30,32,591396872,0,0,7,14.816666666666666,28,30,588251144,0,0,1057,1057
335.110289,263,21.766666666666666,30,33,591396872,0,0,263,20.183333333333334,29,30,588251144,0,0,148,148
336.110654,7,23.583333333333332,30,33,591396872,0,0,7,19.216666666666665,28,30,588251144,0,0,30,30
337.110784,263,18.35,30,32,591396872,0,0,263,14.283333333333333,28,30,588251144,0,0,-491,-491
338.110934,7,13.983333333333333,30,32,591396872,0,0,7,10.633333333333333,29,30,588251144,0,0,486,486
339.111131,7,17.883333333333333,30,32,591396872,0,0,7,13.35,29,30,588251144,0,0,342,342
340.111835,7,23.7,30,32,591396872,0,0,7,18.483333333333334,29,30,588251144,0,0,556,556
341.112761,7,28.7,30,33,591396872,0,0,7,21.45,29,31,588251144,0,0,399,399
342.113052,7,30.316666666666666,30,33,591396872,0,0,7,24.066666666666666,29,30,588251144,0,0,279,279
343.113065,7,27.53333333333333,30,33,591396872,0,0,7,27.349999999999998,29,30,588251144,0,0,114,114
344.113166,7,25.9,30,32,591396872,0,0,7,26.866666666666667,29,30,588251144,0,0,150,150
345.113177,7,25.316666666666666,30,32,591396872,0,0,7,25.916666666666668,29,30,588251144,0,0,58,58
346.113185,7,22.633333333333333,30,32,591396872,0,0,7,25.383333333333333,29,30,588251144,0,0,106,106
347.113237,7,21.85,30,32,591396872,0,0,7,24.883333333333333,29,30,588251144,0,0,130,130
348.113383,7,20.85,30,32,591396872,0,0,7,24.166666666666668,29,30,588251144,0,0,159,159
349.113404,7,20.166666666666668,30,32,591396872,0,0,7,24.116666666666667,29,30,588251144,0,0,163,163
350.113468,7,20.0,31,32,591396872,0,0,7,24.566666666666666,29,30,588251144,0,0,252,252
351.11354,7,20.03333333333333,30,32,591396872,0,0,7,25.866666666666667,29,30,588251144,0,0,229,229
352.113584,7,19.666666666666668,30,32,591396872,0,0,7,26.416666666666668,29,30,588251144,0,0,227,227
353.113657,263,19.116666666666667,31,32,591396872,0,0,263,23.483333333333334,29,30,588251144,0,0,-3,-3
354.113698,263,17.733333333333334,31,32,591396872,0,0,263,19.416666666666668,29,30,588251144,0,0,-72,-72
355.11382,7,19.9,31,32,591396872,0,0,7,20.933333333333334,29,30,588251144,0,0,0,0
356.113863,7,17.883333333333333,31,32,591396872,0,0,7,18.266666666666666,29,30,588251144,0,0,0,0
357.114037,7,20.133333333333333,31,32,591396872,0,0,7,20.016666666666666,30,30,588251144,0,0,760,760
358.114167,7,28.75,31,33,591396872,0,0,7,28.599999999999998,29,30,588251144,0,0,646,646
359.114749,7,28.78333333333333,31,33,591396872,0,0,7,27.45,30,30,588251144,0,0,660,660
360.115455,7,37.11666666666667,31,33,591396872,0,0,7,29.75,30,30,588251144,0,0,-46,-46
361.1161,7,34.9,31,33,591396872,0,0,7,26.78333333333333,30,31,588251144,0,0,-190,-190
362.117402,7,34.166666666666664,31,33,591396872,0,0,7,26.349999999999998,30,31,588251144,0,0,592,592
363.118271,7,30.816666666666666,31,33,591396872,0,0,7,23.216666666666665,30,31,588251144,0,0,692,692
364.118309,7,35.68333333333333,31,33,591396872,0,0,7,29.616666666666667,30,31,588251144,0,0,521,521
365.122974,7,36.75,31,33,591396872,0,0,7,37.4,30,31,588251144,0,0,390,390
366.123261,7,39.11666666666667,31,33,591396872,0,0,7,39.8,30,31,588251144,0,0,316,316
367.123287,7,31.55,31,33,591396872,0,0,7,36.2,30,31,588251144,0,0,485,485
368.123427,7,30.5,31,33,591396872,0,0,7,35.13333333333333,30,31,588251144,0,0,515,515
369.123739,7,30.349999999999998,31,34,591396872,0,0,7,36.166666666666664,30,31,588251144,0,0,503,503
370.123945,263,27.866666666666667,31,33,591396872,0,0,263,35.166666666666664,30,31,588251144,0,0,-489,-489
371.12471,7,26.53333333333333,31,34,591396872,0,0,7,35.53333333333333,30,31,588251144,0,0,567,567
372.124803,7,31.75,31,34,591396872,0,0,7,38.03333333333333,30,31,588251144,0,0,453,453
373.124967,7,37.233333333333334,31,34,591396872,0,0,7,38.71666666666667,30,31,588251144,0,0,362,362
374.125644,7,30.716666666666665,32,34,591396872,0,0,7,30.616666666666667,30,32,588251144,0,0,582,582
375.126291,7,30.133333333333333,32,34,591396872,0,0,7,30.083333333333332,30,32,588251144,0,0,446,446
376.126931,7,32.03333333333333,32,34,591396872,0,0,7,29.483333333333334,30,32,588251144,0,0,134,134
377.126995,7,33.11666666666667,32,34,591396872,0,0,7,26.233333333333334,30,31,588251144,0,0,146,146
378.127,7,0.06666666666666667,32,34,591396872,0,0,7,4.75,30,31,588251144,0,0,0,0
379.12725,7,-0.016666666666666666,32,34,591396872,0,0,7,0.0,30,31,588251144,0,0,0,0
380.127326,7,11.7,32,34,591396872,0,0,7,8.883333333333333,30,32,588251144,0,0,1191,1191
381.127367,7,24.916666666666668,32,34,591396872,0,0,7,19.583333333333332,30,32,588251144,0,0,835,835
382.127374,7,30.133333333333333,32,35,591396872,0,0,7,23.28333333333333,30,32,588251144,0,0,322,322
383.127545,7,33.61666666666667,32,34,591396872,0,0,7,26.483333333333334,30,32,588251144,0,0,599,599
384.12777,7,35.43333333333333,32,34,591396872,0,0,7,35.43333333333333,30,32,588251144,0,0,440,440
385.127773,7,38.166666666666664,32,34,591396872,0,0,7,39.083333333333336,30,32,588251144,0,0,346,346
386.127826,7,37.81666666666666,32,34,591396872,0,0,7,42.483333333333334,30,32,588251144,0,0,293,293
387.127933,263,33.833333333333336,32,34,591396872,0,0,263,39.266666666666666,30,32,588251144,0,0,-1100,-1100
388.128034,263,29.416666666666668,32,34,591396872,0,0,263,35.75,31,32,588251144,0,0,-877,-877
389.12851,263,27.883333333333333,32,34,591396872,0,0,263,35.666666666666664,31,32,588251144,0,0,-616,-616
390.12853,7,27.683333333333334,32,35,591396872,0,0,7,36.96666666666667,31,32,588251144,0,0,539,539
391.128553,7,33.21666666666667,32,35,591396872,0,0,7,39.083333333333336,31,32,588251144,0,0,417,417
392.129104,7,38.45,32,35,591396872,0,0,7,39.35,31,32,588251144,0,0,334,334
393.129717,263,34.31666666666666,32,35,591396872,0,0,263,34.18333333333333,31,32,588251144,0,0,-714,-714
394.129823,263,25.15,32,35,591396872,0,0,263,24.45,31,32,588251144,0,0,-249,-249
395.129975,7,-0.016666666666666666,32,34,591396872,0,0,7,5.55,31,32,588251144,0,0,0,0
396.130277,7,3.3333333333333335,32,34,591396872,0,0,7,2.8833333333333333,31,32,588251144,0,0,562,562
397.130587,7,8.766666666666666,32,35,591396872,0,0,7,7.633333333333333,31,33,588251144,0,0,412,412
398.131519,7,12.516666666666666,32,35,591396872,0,0,7,10.233333333333333,31,32,588251144,0,0,316,316
399.132197,7,14.866666666666667,32,35,591396872,0,0,7,11.8,32,32,588251144,0,0,241,241
400.132554,263,18.866666666666667,32,35,591396872,0,0,263,14.45,32,33,588251144,0,0,-191,-191
401.132583,7,16.666666666666668,32,35,591396872,0,0,7,12.35,32,32,588251144,0,0,167,167
402.132629,7,19.2,32,34,591396872,0,0,7,14.45,32,32,588251144,0,0,339,339
403.132753,7,20.383333333333333,33,35,591396872,0,0,7,16.183333333333334,32,32,588251144,0,0,242,242
404.132896,7,21.78333333333333,33,34,591396872,0,0,7,16.016666666666666,32,32,588251144,0,0,223,223
405.133242,7,21.8,33,34,591396872,0,0,7,17.55,32,32,588251144,0,0,201,201
406.133957,7,21.083333333333332,33,34,591396872,0,0,7,19.733333333333334,32,32,588251144,0,0,179,179
407.134098,7,-0.016666666666666666,33,34,591396872,0,0,7,0.0,32,32,588251144,0,0,0,0
408.134103,7,6.816666666666666,32,35,591396872,0,0,7,7.133333333333333,32,32,588251144,0,0,570,570
409.134565,7,11.55,33,35,591396872,0,0,7,12.216666666666667,32,33,588251144,0,0,368,368
410.135126,7,14.75,33,35,591396872,0,0,7,14.766666666666666,32,33,588251144,0,0,289,289
411.135199,7,16.616666666666667,33,35,591396872,0,0,7,16.583333333333332,32,32,588251144,0,0,251,251
412.135282,7,19.366666666666667,33,35,591396872,0,0,7,20.683333333333334,32,33,588251144,0,0,529,529
413.13534,7,22.366666666666667,33,35,591396872,0,0,7,25.65,32,33,588251144,0,0,343,343
414.135436,7,23.383333333333333,33,35,591396872,0,0,7,26.833333333333332,32,33,588251144,0,0,97,97
415.135453,7,21.683333333333334,33,35,591396872,0,0,7,25.883333333333333,32,33,588251144,0,0,136,136
416.135514,7,20.7,33,35,591396872,0,0,7,25.616666666666667,32,32,588251144,0,0,155,155
417.135637,7,19.95,33,35,591396872,0,0,7,25.15,32,32,588251144,0,0,169,169
418.135703,7,17.733333333333334,33,35,591396872,0,0,7,23.883333333333333,32,32,588251144,0,0,0,0
419.135736,7,18.25,33,34,591396872,0,0,7,23.716666666666665,32,32,588251144,0,0,217,217
420.137065,7,22.2,33,34,591396872,0,0,7,25.7,32,32,588251144,0,0,787,787
421.137094,7,30.666666666666668,33,35,591396872,0,0,7,32.1,32,33,588251144,0,0,559,559
422.137434,7,36.31666666666666,33,35,591396872,0,0,7,36.016666666666666,32,33,588251144,0,0,413,413
423.137963,7,38.666666666666664,33,35,591396872,0,0,7,38.8,32,33,588251144,0,0,340,340
424.138097,7,43.083333333333336,33,35,591396872,0,0,7,37.1,32,33,588251144,0,0,296,296
425.138192,7,39.083333333333336,33,35,591396872,0,0,7,30.333333333333332,32,33,588251144,0,0,460,460
426.138205,7,36.95,33,35,591396872,0,0,7,28.583333333333332,32,33,588251144,0,0,526,526
427.138354,7,40.96666666666667,33,35,591396872,0,0,7,30.716666666666665,32,33,588251144,0,0,426,426
428.138732,7,40.3,33,35,591396872,0,0,7,36.083333333333336,32,33,588251144,0,0,355,355
429.138815,7,39.483333333333334,33,35,591396872,0,0,7,40.9,32,33,588251144,0,0,299,299
430.139891,263,32.766666666666666,33,35,591396872,0,0,263,34.36666666666667,32,33,588251144,0,0,-471,-471
431.140203,263,24.383333333333333,33,35,591396872,0,0,263,28.366666666666667,32,33,588251144,0,0,-129,-129
432.140324,263,20.883333333333333,34,35,591396872,0,0,263,23.78333333333333,32,33,588251144,0,0,-10,-10
433.140451,7,20.35,34,35,591396872,0,0,7,23.7,32,33,588251144,0,0,326,326
434.140629,7,24.866666666666667,33,35,591396872,0,0,7,30.599999999999998,32,33,588251144,0,0,231,231
435.14084,7,27.116666666666667,33,35,591396872,0,0,7,35.016666666666666,32,33,588251144,0,0,567,567
436.140957,7,29.833333333333332,33,35,591396872,0,0,7,39.516666666666666,32,33,588251144,0,0,459,459
437.140981,7,35.9,33,35,591396872,0,0,7,39.666666666666664,32,33,588251144,0,0,366,366
438.141009,7,39.61666666666667,33,35,591396872,0,0,7,40.1,32,33,588251144,0,0,304,304
439.141013,7,41.43333333333333,34,35,591396872,0,0,7,41.11666666666667,32,33,588251144,0,0,264,264
440.141092,263,41.43333333333333,34,35,591396872,0,0,263,37.766666666666666,32,33,588251144,0,0,-801,-801
441.141093,7,40.31666666666666,34,35,591396872,0,0,7,31.166666666666668,32,33,588251144,0,0,429,429
442.141152,7,37.93333333333333,34,35,591396872,0,0,7,28.53333333333333,32,33,588251144,0,0,24,24
443.141205,7,40.63333333333333,34,35,591396872,0,0,7,31.866666666666667,32,33,588251144,0,0,412,412
444.141273,7,41.21666666666667,34,35,591396872,0,0,7,34.56666666666666,32,33,588251144,0,0,359,359
445.14139,263,31.78333333333333,34,35,591396872,0,0,263,33.0,32,33,588251144,0,0,-705,-705
446.14141,263,20.633333333333333,34,35,591396872,0,0,263,21.333333333333332,32,33,588251144,0,0,-346,-346
447.141527,7,18.4,34,35,591396872,0,0,7,19.016666666666666,32,34,588251144,0,0,112,112
448.14154,7,17.116666666666667,34,35,591396872,0,0,7,19.416666666666668,32,33,588251144,0,0,126,126
449.141583,7,15.533333333333333,34,35,591396872,0,0,7,17.95,32,33,588251144,0,0,0,0
450.141963,7,12.233333333333333,34,35,591396872,0,0,7,12.233333333333333,32,33,588251144,0,0,0,0
451.142526,7,9.9,34,35,591396872,0,0,7,9.733333333333333,32,33,588251144,0,0,0,0
452.142536,7,7.883333333333333,34,35,591396872,0,0,7,7.55,34,33,588251144,0,0,0,0
453.142552,7,5.766666666666667,34,35,591396872,0,0,7,5.6,32,33,588251144,0,0,0,0
454.143128,7,3.05,34,35,591396872,0,0,7,4.233333333333333,32,33,588251144,0,0,0,0
455.143784,7,1.4166666666666667,34,35,591396872,0,0,7,1.9333333333333333,32,33,588251144,0,0,0,0
456.143848,7,0.05,34,35,591396872,0,0,7,0.08333333333333333,32,33,588251144,0,0,0,0
457.143902,7,-0.03333333333333333,34,35,591396872,0,0,7,0.0,32,33,588251144,0,0,0,0
458.144143,7,0.0,34,35,591396872,0,0,7,-0.016666666666666666,32,33,588251144,0,0,0,0
459.144221,7,-0.016666666666666666,34,35,591396872,0,0,7,0.0,33,33,588251144,0,0,0,0
460.144253,7,0.0,34,35,591396872,0,0,7,0.0,32,33,588251144,0,0,0,0
461.144327,7,0.0,34,35,591396872,0,0,7,0.0,32,33,588251144,0,0,0,0
462.144603,7,0.0,35,35,591396872,0,0,7,0.0,33,33,588251144,0,0,0,0
463.144774,7,0.0,34,35,591396872,0,0,7,0.0,32,33,588251144,0,0,0,0
464.14546,7,-0.016666666666666666,34,35,591396872,0,0,7,0.0,32,33,588251144,0,0,0,0
465.14611,7,0.0,34,35,591396872,0,0,7,-0.016666666666666666,32,33,588251144,0,0,0,0
466.146531,7,-0.016666666666666666,34,35,591396872,0,0,7,0.0,32,33,588251144,0,0,0,0
467.146618,7,0.0,34,35,591396872,0,0,7,0.0,32,33,588251144,0,0,0,0
468.146652,7,-0.016666666666666666,34,35,591396872,0,0,7,-0.016666666666666666,32,33,588251144,0,0,0,0
469.146765,7,0.0,34,35,591396872,0,0,7,0.0,32,33,588251144,0,0,0,0
470.146769,7,0.0,34,35,591396872,0,0,7,0.0,32,33,588251144,0,0,0,0
471.147238,7,0.0,34,35,591396872,0,0,7,0.0,32,33,588251144,0,0,0,0
472.147881,7,0.0,34,35,591396872,0,0,7,0.016666666666666666,32,33,588251144,0,0,0,0
473.14795,7,0.0,34,35,591396872,0,0,7,0.0,32,33,588251144,0,0,0,0
474.148192,7,0.0,34,35,591396872,0,0,7,0.016666666666666666,32,33,588251144,0,0,0,0
475.1485,7,0.0,34,35,591396872,0,0,7,0.0,32,33,588251144,0,0,0,0
476.149039,7,0.016666666666666666,34,35,591396872,0,0,7,0.016666666666666666,32,33,588251144,0,0,0,0
477.149643,7,0.016666666666666666,34,35,591396872,0,0,7,0.016666666666666666,32,33,588251144,0,0,0,0
478.150363,7,-0.016666666666666666,34,35,591396872,0,0,7,-0.016666666666666666,32,33,588251144,0,0,0,0
479.151015,7,0.0,34,35,591396872,0,0,7,0.016666666666666666,32,33,588251144,0,0,0,0
480.151396,7,-0.016666666666666666,34,35,591396872,0,0,7,-0.03333333333333333,32,33,588251144,0,0,0,0
481.151478,7,-0.016666666666666666,34,35,591396872,0,0,7,-0.016666666666666666,32,33,588251144,0,0,0,0
482.151578,7,0.06666666666666667,34,35,591396872,0,0,7,0.05,32,33,588251144,0,0,0,0
483.151598,7,0.0,34,35,591396872,0,0,7,0.06666666666666667,32,33,588251144,0,0,0,0
484.151691,7,-0.03333333333333333,34,35,591396872,0,0,7,0.0,32,33,588251144,0,0,0,0
485.151699,7,0.0,34,35,591396872,0,0,7,0.0,32,33,588251144,0,0,0,0
486.151844,7,0.13333333333333333,34,35,591396872,0,0,7,0.23333333333333334,32,33,588251144,0,0,0,0
487.15209,7,-1.8166666666666667,34,35,591396872,0,0,7,-2.6333333333333333,32,33,588251144,0,0,0,0
488.152667,7,-4.233333333333333,34,35,591396872,0,0,7,-5.183333333333334,32,33,588251144,0,0,0,0
489.153361,7,-4.716666666666667,34,35,591396872,0,0,7,-5.016666666666667,32,33,588251144,0,0,0,0
490.15363,7,-4.683333333333334,33,35,591396872,0,0,7,-4.533333333333333,32,33,588251144,0,0,0,0
491.153999,7,-5.116666666666666,34,35,591396872,0,0,7,-4.133333333333333,32,33,588251144,0,0,0,0
492.154095,7,-3.55,34,35,591396872,0,0,7,-2.966666666666667,32,33,588251144,0,0,0,0
493.154217,7,-1.4166666666666667,33,35,591396872,0,0,7,-1.3166666666666667,32,33,588251144,0,0,0,0
494.154875,7,0.06666666666666667,33,35,591396872,0,0,7,0.06666666666666667,32,33,588251144,0,0,0,0
495.155777,7,0.0,33,35,591396872,0,0,7,0.0,32,33,588251144,0,0,0,0
496.156396,7,0.16666666666666666,34,35,591396872,0,0,7,0.08333333333333333,32,33,588251144,0,0,0,0
497.15657,7,-0.06666666666666667,34,35,591396872,0,0,7,-0.05,32,33,588251144,0,0,0,0
498.156577,7,0.0,33,35,591396872,0,0,7,0.0,32,33,588251144,0,0,0,0
499.156767,7,-0.03333333333333333,33,35,591396872,0,0,7,-0.05,32,33,588251144,0,0,0,0
500.156794,7,0.016666666666666666,33,35,591396872,0,0,3,-0.016666666666666666,32,33,588251144,0,0,0,0
501.156797,7,0.0,33,35,591396872,0,0,7,0.03333333333333333,32,33,588251144,0,0,0,0
502.156849,7,6.266666666666667,33,35,591396872,0,0,7,8.133333333333333,32,33,588251144,0,0,1288,1288
503.156875,7,18.133333333333333,33,36,591396872,0,0,7,22.78333333333333,32,34,588251144,0,0,889,889
504.156948,7,26.7,34,36,591396872,0,0,7,31.53333333333333,32,34,588251144,0,0,630,630
505.156982,7,30.266666666666666,33,36,591396872,0,0,7,38.2,32,34,588251144,0,0,475,475
506.157077,7,29.849999999999998,34,36,591396872,0,0,7,39.63333333333333,32,34,588251144,0,0,0,0
507.157115,7,34.86666666666667,34,36,591396872,0,0,7,37.65,32,34,588251144,0,0,414,414
508.157191,7,38.88333333333333,33,36,591396872,0,0,7,39.3,32,34,588251144,0,0,325,325
509.157353,7,40.8,33,36,591396872,0,0,7,40.7,32,34,588251144,0,0,271,271
510.157472,7,43.81666666666666,33,36,591396872,0,0,7,39.36666666666667,32,34,588251144,0,0,251,251
511.157912,7,45.88333333333333,33,36,591396872,0,0,7,34.75,32,34,588251144,0,0,292,292
512.158597,7,44.9,33,36,591396872,0,0,7,34.583333333333336,32,34,588251144,0,0,307,307
513.158764,7,45.38333333333333,33,36,591396872,0,0,7,33.733333333333334,32,34,588251144,0,0,311,311
514.159554,7,41.38333333333333,34,36,591396872,0,0,7,39.81666666666666,32,34,588251144,0,0,283,283
515.159708,263,28.733333333333334,34,36,591396872,0,0,263,29.116666666666667,32,34,588251144,0,0,328,328
516.159875,7,33.233333333333334,34,36,591396872,0,0,7,33.68333333333333,32,34,588251144,0,0,336,336
517.159908,7,31.78333333333333,34,36,591396872,0,0,7,37.15,32,34,588251144,0,0,465,465
518.161041,7,0.03333333333333333,34,36,591396872,0,0,7,21.3,32,34,588251144,0,0,0,0
519.161777,7,0.18333333333333332,34,36,591396872,0,0,7,0.11666666666666667,32,34,588251144,0,0,0,0
520.161841,7,0.0,34,36,591396872,0,0,7,-0.016666666666666666,32,34,588251144,0,0,0,0
521.161925,7,0.0,34,36,591396872,0,0,7,0.03333333333333333,32,34,588251144,0,0,0,0
522.162027,7,0.0,34,36,591396872,0,0,7,0.0,32,34,588251144,0,0,0,0
523.162155,7,0.0,34,36,591396872,0,0,7,-0.016666666666666666,32,34,588251144,0,0,0,0
524.16218,7,0.05,34,36,591396872,0,0,7,-0.03333333333333333,32,34,588251144,0,0,0,0
525.162199,7,0.0,34,36,591396872,0,0,7,-0.03333333333333333,32,34,588251144,0,0,0,0
526.162302,7,0.016666666666666666,34,36,591396872,0,0,7,-0.03333333333333333,32,34,588251144,0,0,0,0
527.162828,7,0.016666666666666666,34,36,591396872,0,0,7,0.0,32,34,588251144,0,0,0,0
528.163059,7,-0.016666666666666666,34,36,591396872,0,0,7,0.0,32,34,588251144,0,0,0,0
529.163344,7,-0.03333333333333333,34,36,591396872,0,0,7,-0.06666666666666667,32,34,588251144,0,0,0,0
530.163379,7,0.016666666666666666,34,35,591396872,0,0,7,0.03333333333333333,32,34,588251144,0,0,0,0
531.163973,7,0.0,34,36,591396872,0,0,7,0.0,32,34,588251144,0,0,0,0
532.164446,7,0.0,34,36,591396872,0,0,7,-0.016666666666666666,32,34,588251144,0,0,0,0
533.164691,7,0.0,34,36,591396872,0,0,7,0.03333333333333333,32,34,588251144,0,0,0,0
534.164817,7,0.0,34,36,591396872,0,0,7,0.03333333333333333,32,34,588251144,0,0,0,0
535.165129,7,0.03333333333333333,34,36,591396872,0,0,7,0.08333333333333333,32,34,588251144,0,0,0,0
536.165806,7,0.0,34,36,591396872,0,0,7,0.0,32,34,588251144,0,0,0,0
537.16658,7,0.0,34,36,591396872,0,0,7,-0.016666666666666666,32,34,588251144,0,0,0,0
538.166815,7,-0.016666666666666666,34,35,591396872,0,0,7,-0.03333333333333333,32,34,588251144,0,0,0,0
539.166983,7,0.016666666666666666,34,35,591396872,0,0,7,0.016666666666666666,32,34,588251144,0,0,0,0
540.167016,7,0.0,34,36,591396872,0,0,7,-0.016666666666666666,32,34,588251144,0,0,0,0
541.167078,7,0.0,34,36,591396872,0,0,7,-0.016666666666666666,32,34,588251144,0,0,0,0
542.167107,7,0.0,34,36,591396872,0,0,7,-0.016666666666666666,32,34,588251144,0,0,0,0
543.167257,7,0.0,34,36,591396872,0,0,7,-0.016666666666666666,32,34,588251144,0,0,0,0
544.167324,7,0.0,34,36,591396872,0,0,7,-0.05,32,34,588251144,0,0,0,0
545.167488,7,-0.03333333333333333,34,36,591396872,0,0,7,0.0,32,34,588251144,0,0,0,0
546.167527,7,0.0,34,36,591396872,0,0,7,0.0,32,34,588251144,0,0,0,0
547.167574,7,0.0,34,36,591396872,0,0,7,0.0,32,34,588251144,0,0,0,0
548.168088,7,0.0,34,36,591396872,0,0,7,-0.016666666666666666,32,34,588251144,0,0,0,0
549.168765,7,0.0,34,36,591396872,0,0,7,-0.05,32,34,588251144,0,0,0,0
550.168799,7,0.45,34,36,591396872,0,0,7,0.5166666666666666,32,34,588251144,0,0,0,0
551.169337,7,0.016666666666666666,34,36,591396872,0,0,7,0.016666666666666666,32,34,588251144,0,0,0,0
552.169781,7,0.016666666666666666,34,35,591396872,0,0,7,0.0,32,34,588251144,0,0,0,0
553.169868,7,0.0,34,36,591396872,0,0,7,-0.05,32,34,588251144,0,0,0,0
554.169986,7,0.7,34,36,591396872,0,0,7,1.1166666666666667,32,34,588251144,0,0,0,0
555.170072,7,1.4,34,36,591396872,0,0,7,1.9833333333333334,32,34,588251144,0,0,0,0
556.170247,7,0.0,34,36,591396872,0,0,7,0.7333333333333333,32,34,588251144,0,0,0,0
557.171115,7,0.0,34,35,591396872,0,0,7,0.016666666666666666,32,34,588251144,0,0,0,0
558.17174,7,-0.016666666666666666,34,36,591396872,0,0,7,0.0,32,34,588251144,0,0,0,0
559.172171,7,0.0,34,36,591396872,0,0,7,0.0,32,34,588251144,0,0,0,0
560.172333,7,0.0,34,36,591396872,0,0,7,0.0,32,34,588251144,0,0,0,0
561.172463,7,0.0,33,36,591396872,0,0,7,0.0,32,34,588251144,0,0,0,0
562.172544,7,0.0,34,36,591396872,0,0,7,0.0,32,34,588251144,0,0,0,0
563.172854,7,0.0,34,36,591396872,0,0,7,0.0,32,34,588251144,0,0,0,0
564.174197,7,0.0,33,36,591396872,0,0,7,0.0,32,34,588251144,0,0,0,0
565.174484,7,0.0,33,35,591396872,0,0,7,-0.016666666666666666,32,34,588251144,0,0,0,0
566.174521,7,0.0,33,36,591396872,0,0,7,0.0,32,34,588251144,0,0,0,0
567.175288,7,0.0,34,36,591396872,0,0,7,0.0,32,34,588251144,0,0,0,0
568.175412,7,0.03333333333333333,33,36,591396872,0,0,7,0.0,32,34,588251144,0,0,0,0
569.176077,7,0.0,33,36,591396872,0,0,7,0.0,32,34,588251144,0,0,0,0
570.176739,7,-0.016666666666666666,33,36,591396872,0,0,7,0.0,32,34,588251144,0,0,0,0
571.17702,7,0.0,33,36,591396872,0,0,7,0.03333333333333333,32,34,588251144,0,0,0,0
572.177084,7,0.0,33,36,591396872,0,0,7,-0.03333333333333333,32,34,588251144,0,0,0,0
573.177172,7,0.0,34,36,591396872,0,0,7,0.0,32,34,588251144,0,0,0,0
574.177366,7,0.0,33,36,591396872,0,0,7,0.0,32,34,588251144,0,0,0,0
575.17819,7,0.0,33,36,591396872,0,0,7,0.0,32,34,588251144,0,0,0,0
576.179146,7,0.0,33,36,591396872,0,0,7,0.0,32,34,588251144,0,0,0,0
577.179228,7,0.0,33,36,591396872,0,0,7,0.0,32,34,588251144,0,0,0,0
578.179298,7,0.0,33,36,591396872,0,0,7,0.0,32,34,588251144,0,0,0,0
579.17934,7,0.0,33,36,591396872,0,0,7,0.0,32,34,588251144,0,0,0,0
580.179412,7,0.0,33,36,591396872,0,0,7,0.0,32,34,588251144,0,0,0,0
581.179469,7,0.0,33,36,591396872,0,0,7,0.0,32,34,588251144,0,0,0,0
582.179531,7,0.0,33,36,591396872,0,0,7,0.0,32,34,588251144,0,0,0,0
583.179608,7,0.0,33,36,591396872,0,0,7,0.0,32,34,588251144,0,0,0,0
584.179702,7,0.0,33,36,591396872,0,0,7,0.0,32,34,588251144,0,0,0,0
585.17974,7,0.0,33,36,591396872,0,0,7,0.0,32,34,588251144,0,0,0,0
586.179742,7,0.0,33,36,591396872,0,0,7,0.0,32,34,588251144,0,0,0,0
587.179819,7,0.016666666666666666,33,36,591396872,0,0,7,0.0,32,34,588251144,0,0,0,0
588.179951,7,0.0,33,36,591396872,0,0,7,0.0,32,34,588251144,0,0,0,0
589.179978,7,0.0,33,36,591396872,0,0,7,0.0,32,34,588251144,0,0,0,0
590.180098,7,0.0,33,36,591396872,0,0,7,0.0,32,34,588251144,0,0,0,0
591.180238,7,0.0,33,36,591396872,0,0,7,0.0,32,34,588251144,0,0,0,0
592.180264,7,0.0,33,36,591396872,0,0,7,0.0,32,34,588251144,0,0,0,0
593.180414,7,0.0,33,36,591396872,0,0,7,0.0,32,34,588251144,0,0,0,0
594.180496,7,0.0,33,36,591396872,0,0,7,0.0,32,34,588251144,0,0,0,0
595.180527,7,0.0,33,36,591396872,0,0,7,0.0,32,34,588251144,0,0,0,0
596.180593,7,0.0,33,36,591396872,0,0,7,0.0,32,34,588251144,0,0,0,0
597.180837,7,0.0,33,36,591396872,0,0,7,0.0,32,34,588251144,0,0,0,0
598.181108,7,0.0,33,36,591396872,0,0,7,0.0,32,34,588251144,0,0,0,0
599.18177,7,0.0,33,36,591396872,0,0,7,0.0,32,34,588251144,0,0,0,0
600.18236,7,0.0,33,36,591396872,0,0,7,0.0,32,34,588251144,0,0,0,0
601.182758,7,0.0,33,36,591396872,0,0,7,0.0,32,34,588251144,0,0,0,0
602.182991,7,0.0,33,36,591396872,0,0,7,0.0,32,34,588251144,0,0,0,0
603.183168,7,0.0,33,36,591396872,0,0,7,0.0,32,34,588251144,0,0,0,0
604.183603,7,0.0,33,36,591396872,0,0,7,0.0,31,34,588251144,0,0,0,0
605.184213,7,0.0,33,36,591396872,0,0,7,0.0,32,34,588251144,0,0,0,0
606.184866,7,0.0,33,36,591396872,0,0,7,0.0,32,34,588251144,0,0,0,0
607.185205,7,0.0,33,36,591396872,0,0,7,0.0,32,34,588251144,0,0,0,0
608.186023,7,0.0,33,36,591396872,0,0,7,0.0,32,34,588251144,0,0,0,0
609.186744,7,0.0,33,36,591396872,0,0,7,0.0,32,34,588251144,0,0,0,0
610.187394,7,0.0,33,36,591396872,0,0,7,0.0,31,34,588251144,0,0,0,0
611.18752,7,0.0,33,36,591396872,0,0,7,0.0,31,34,588251144,0,0,0,0
612.18753,7,0.0,33,36,591396872,0,0,7,0.0,32,34,588251144,0,0,0,0
613.187677,7,0.0,33,36,591396872,0,0,7,0.0,31,34,588251144,0,0,0,0
614.187816,7,0.0,33,36,591396872,0,0,7,0.0,31,34,588251144,0,0,0,0
615.188018,7,0.0,33,36,591396872,0,0,7,0.0,32,34,588251144,0,0,0,0
616.189405,7,0.0,33,36,591396872,0,0,7,0.0,31,34,588251144,0,0,0,0
617.189992,7,0.0,33,36,591396872,0,0,7,0.0,31,34,588251144,0,0,0,0
618.190091,7,0.0,33,36,591396872,0,0,7,0.0,31,34,588251144,0,0,0,0
619.190138,7,0.0,33,36,591396872,0,0,7,0.0,31,34,588251144,0,0,0,0
620.19014,7,0.0,33,36,591396872,0,0,7,0.0,31,34,588251144,0,0,0,0
621.190265,7,0.0,32,36,591396872,0,0,7,0.0,32,34,588251144,0,0,0,0
622.190321,7,0.0,33,36,591396872,0,0,7,0.0,31,34,588251144,0,0,0,0
623.190363,7,0.0,32,36,591396872,0,0,7,0.0,31,34,588251144,0,0,0,0
624.190503,7,0.0,33,36,591396872,0,0,7,0.0,31,34,588251144,0,0,0,0
625.190635,7,0.0,32,36,591396872,0,0,7,0.0,31,34,588251144,0,0,0,0
626.190816,7,0.0,33,36,591396872,0,0,7,0.016666666666666666,31,34,588251144,0,0,0,0
627.190889,7,0.0,32,36,591396872,0,0,7,0.0,31,34,588251144,0,0,0,0
628.19103,7,0.0,33,36,591396872,0,0,7,0.0,31,34,588251144,0,0,0,0
629.191053,7,0.0,33,36,591396872,0,0,7,0.0,31,34,588251144,0,0,0,0
630.191125,7,0.0,32,36,591396872,0,0,7,0.0,31,34,588251144,0,0,0,0
631.191684,7,0.0,32,36,591396872,0,0,7,0.0,31,34,588251144,0,0,0,0
632.192288,7,0.0,32,36,591396872,0,0,7,0.0,31,34,588251144,0,0,0,0
633.192975,7,0.0,32,36,591396872,0,0,7,0.0,31,34,588251144,0,0,0,0
634.193189,7,0.0,32,36,591396872,0,0,7,0.0,31,34,588251144,0,0,0,0
635.19427,7,0.0,32,36,591396872,0,0,7,0.0,31,34,588251144,0,0,0,0
636.194929,7,0.0,32,36,591396872,0,0,7,0.0,31,34,588251144,0,0,0,0
637.195408,7,0.0,32,36,591396872,0,0,7,0.0,31,34,588251144,0,0,0,0
638.195562,7,0.0,32,36,591396872,0,0,7,0.0,31,34,588251144,0,0,0,0
639.195616,7,0.0,32,36,591396872,0,0,7,0.0,31,34,588251144,0,0,0,0
640.195769,7,0.0,32,36,591396872,0,0,7,0.0,31,34,588251144,0,0,0,0
641.195834,7,0.0,32,36,591396872,0,0,7,0.0,31,34,588251144,0,0,0,0
642.196123,7,0.0,32,36,591396872,0,0,7,0.0,31,34,588251144,0,0,0,0
643.196131,7,0.0,32,36,591396872,0,0,7,0.0,31,34,588251144,0,0,0,0
644.1962,7,0.0,32,36,591396872,0,0,7,0.0,31,34,588251144,0,0,0,0
645.196839,7,0.0,32,36,591396872,0,0,7,0.0,31,34,588251144,0,0,0,0
646.197418,7,0.0,32,36,591396872,0,0,7,0.0,31,34,588251144,0,0,0,0
647.19804,7,0.0,32,36,591396872,0,0,7,0.0,31,34,588251144,0,0,0,0
648.198158,7,0.0,32,36,591396872,0,0,7,0.0,31,34,588251144,0,0,0,0
649.198215,7,0.0,32,36,591396872,0,0,7,0.0,31,34,588251144,0,0,0,0
650.198248,7,0.0,32,36,591396872,0,0,7,0.0,31,34,588251144,0,0,0,0
651.198292,7,0.0,32,36,591396872,0,0,7,0.0,31,34,588251144,0,0,0,0
652.198481,7,0.0,32,36,591396872,0,0,7,0.0,31,34,588251144,0,0,0,0
653.19859,7,0.0,32,36,591396872,0,0,7,0.0,31,34,588251144,0,0,0,0
654.198592,7,0.0,32,36,591396872,0,0,7,0.0,31,34,588251144,0,0,0,0
655.198756,7,0.0,32,36,591396872,0,0,7,0.0,31,34,588251144,0,0,0,0
656.198772,7,0.0,32,36,591396872,0,0,7,0.0,31,34,588251144,0,0,0,0
657.198879,7,0.0,32,36,591396872,0,0,7,0.0,31,34,588251144,0,0,0,0
658.198981,7,0.0,32,36,591396872,0,0,7,0.0,31,34,588251144,0,0,0,0
659.199132,7,0.0,32,36,591396872,0,0,7,0.0,31,34,588251144,0,0,0,0
660.199334,7,0.0,32,36,591396872,0,0,7,0.0,31,34,588251144,0,0,0,0
661.199711,7,0.0,32,36,591396872,0,0,7,0.0,31,34,588251144,0,0,0,0
662.199932,7,0.0,32,36,591396872,0,0,7,0.0,31,34,588251144,0,0,0,0
663.200491,7,0.0,32,36,591396872,0,0,7,0.0,31,34,588251144,0,0,0,0
664.2011,7,0.0,32,36,591396872,0,0,7,0.0,31,34,588251144,0,0,0,0
665.201456,7,0.0,32,36,591396872,0,0,7,0.0,31,34,588251144,0,0,0,0
666.201667,7,0.0,32,36,591396872,0,0,7,0.0,31,34,588251144,0,0,0,0
667.201744,7,0.0,32,36,591396872,0,0,7,-0.016666666666666666,31,34,588251144,0,0,0,0
668.202372,7,0.0,32,36,591396872,0,0,7,-0.016666666666666666,31,34,588251144,0,0,0,0
669.203036,7,-0.016666666666666666,32,36,591396872,0,0,7,0.0,31,34,588251144,0,0,0,0
670.203624,7,-0.016666666666666666,32,36,591396872,0,0,7,-0.016666666666666666,31,34,588251144,0,0,0,0
671.203712,7,0.0,32,36,591396872,0,0,7,-0.016666666666666666,31,34,588251144,0,0,0,0
672.203969,7,-0.016666666666666666,32,36,591396872,0,0,7,0.0,31,34,588251144,0,0,0,0
673.204215,7,0.0,32,36,591396872,0,0,7,0.03333333333333333,31,34,588251144,0,0,0,0
674.204291,7,-0.05,32,36,591396872,0,0,7,-0.03333333333333333,31,34,588251144,0,0,0,0
675.204862,7,-0.016666666666666666,32,36,591396872,0,0,7,0.0,31,34,588251144,0,0,0,0
676.204911,7,0.0,32,36,591396872,0,0,7,0.0,31,34,588251144,0,0,0,0
677.205264,7,0.016666666666666666,32,36,591396872,0,0,7,0.0,31,34,588251144,0,0,0,0
678.205635,7,0.0,32,36,591396872,0,0,7,0.0,31,34,588251144,0,0,0,0
679.206714,7,0.0,32,36,591396872,0,0,7,0.0,31,34,588251144,0,0,0,0
680.207487,7,0.0,32,36,591396872,0,0,7,0.0,31,34,588251144,0,0,0,0
681.208129,7,0.0,32,36,591396872,0,0,7,0.0,31,34,588251144,0,0,0,0
682.208793,7,0.0,32,36,591396872,0,0,7,0.0,31,34,588251144,0,0,0,0
683.208886,7,0.016666666666666666,32,36,591396872,0,0,7,0.0,30,34,588251144,0,0,0,0
684.20908,7,0.0,32,36,591396872,0,0,7,0.0,31,34,588251144,0,0,0,0
685.209186,7,0.016666666666666666,32,36,591396872,0,0,7,0.0,31,34,588251144,0,0,0,0
686.210026,7,-0.016666666666666666,32,36,591396872,0,0,7,0.0,31,34,588251144,0,0,0,0
687.210679,7,-0.016666666666666666,32,36,591396872,0,0,7,0.0,31,34,588251144,0,0,0,0
688.21115,7,-0.016666666666666666,32,36,591396872,0,0,7,0.0,30,34,588251144,0,0,0,0
689.2114,7,-0.03333333333333333,32,36,591396872,0,0,7,0.0,31,34,588251144,0,0,0,0
690.211442,7,-0.016666666666666666,32,36,591396872,0,0,7,-0.016666666666666666,31,34,588251144,0,0,0,0
691.211553,7,-0.23333333333333334,32,36,591396872,0,0,7,-0.3333333333333333,30,34,588251144,0,0,0,0
692.211627,7,0.0,32,36,591396872,0,0,7,0.0,30,34,588251144,0,0,0,0
693.21239,7,0.0,32,36,591396872,0,0,7,-0.016666666666666666,30,34,588251144,0,0,0,0
694.212583,7,0.0,32,36,591396872,0,0,7,0.0,31,34,588251144,0,0,0,0
695.212648,7,1.6333333333333333,32,36,591396872,0,0,7,2.3166666666666664,30,35,588251144,0,0,718,718
696.213914,7,3.4833333333333334,32,36,591396872,0,0,7,4.183333333333334,31,34,588251144,0,0,33,33
697.21435,7,1.4166666666666667,32,36,591396872,0,0,7,1.7,30,35,588251144,0,0,0,0
698.215144,7,0.0,32,36,591396872,0,0,7,-0.016666666666666666,31,34,588251144,0,0,0,0
699.215768,7,0.0,32,36,591396872,0,0,7,0.0,30,35,588251144,0,0,0,0
700.216202,7,0.0,32,36,591396872,0,0,7,-0.03333333333333333,30,34,588251144,0,0,0,0
701.216417,7,-0.016666666666666666,32,36,591396872,0,0,7,0.0,30,34,588251144,0,0,0,0
702.216594,7,9.066666666666666,32,36,591396872,0,0,7,10.983333333333333,31,35,588251144,0,0,1199,1199
703.216614,7,20.333333333333332,32,37,591396872,0,0,7,24.85,30,35,588251144,0,0,828,828
704.216789,7,27.25,32,38,591396872,0,0,7,33.21666666666667,31,36,588251144,0,0,595,595
705.216917,7,29.05,32,38,591396872,0,0,7,38.18333333333333,30,35,588251144,0,0,494,494
706.216957,7,34.7,32,38,591396872,0,0,7,39.46666666666667,31,36,588251144,0,0,381,381
707.217002,263,35.3,32,38,591396872,0,0,263,36.3,30,35,588251144,0,0,-1080,-1080
708.217106,263,23.8,32,38,591396872,0,0,263,23.6,31,36,588251144,0,0,-715,-715
709.217136,263,0.0,32,38,591396872,0,0,7,0.0,31,36,588251144,0,0,0,0
710.217463,7,10.083333333333334,32,38,591396872,0,0,7,9.8,31,36,588251144,0,0,1205,1205
711.217986,7,22.816666666666666,32,39,591396872,0,0,7,22.6,31,36,588251144,0,0,818,818
712.218819,7,32.6,32,39,591396872,0,0,7,28.633333333333333,31,37,588251144,0,0,583,583
713.219259,7,39.166666666666664,32,39,591396872,0,0,7,30.099999999999998,31,37,588251144,0,0,460,460
714.219347,7,41.5,32,38,591396872,0,0,7,30.9,31,37,588251144,0,0,412,412
715.219374,263,33.06666666666666,32,39,591396872,0,0,263,25.083333333333332,31,36,588251144,0,0,245,245
716.219472,263,30.316666666666666,32,39,591396872,0,0,263,24.516666666666666,31,37,588251144,0,0,-107,-107
717.219569,7,31.433333333333334,32,39,591396872,0,0,7,31.4,32,37,588251144,0,0,-62,-62
718.219601,7,28.383333333333333,33,39,591396872,0,0,7,28.849999999999998,31,36,588251144,0,0,27,27
719.219673,263,21.933333333333334,32,38,591396872,0,0,263,23.0,32,36,588251144,0,0,-413,-413
720.219865,7,17.516666666666666,33,38,591396872,0,0,7,19.45,32,36,588251144,0,0,256,256
721.220053,7,21.85,33,38,591396872,0,0,7,24.966666666666665,32,36,588251144,0,0,460,460
722.220057,7,26.316666666666666,33,38,591396872,0,0,7,30.183333333333334,32,36,588251144,0,0,652,652
723.220238,7,30.3,33,39,591396872,0,0,7,37.18333333333333,32,36,588251144,0,0,490,490
724.221249,7,32.56666666666666,33,39,591396872,0,0,7,40.56666666666666,32,37,588251144,0,0,404,404
725.221871,7,32.483333333333334,33,39,591396872,0,0,7,42.11666666666667,32,37,588251144,0,0,383,383
726.222246,7,38.25,33,39,591396872,0,0,7,40.96666666666667,32,36,588251144,0,0,313,313
727.222355,7,40.9,33,39,591396872,0,0,7,41.516666666666666,32,37,588251144,0,0,260,260
728.222413,7,0.08333333333333333,33,38,591396872,0,0,7,26.083333333333332,32,36,588251144,0,0,0,0
729.222607,7,0.18333333333333332,33,38,591396872,0,0,7,0.16666666666666666,32,36,588251144,0,0,1492,1492
730.222666,7,3.933333333333333,33,39,591396872,0,0,7,3.966666666666667,32,37,588251144,0,0,844,844
731.222841,7,19.466666666666665,33,40,591396872,0,0,7,18.083333333333332,32,37,588251144,0,0,943,943
732.22371,7,31.05,34,40,591396872,0,0,7,25.05,32,38,588251144,0,0,662,662
733.224399,7,37.68333333333333,34,40,591396872,0,0,7,28.666666666666668,32,38,588251144,0,0,506,506
734.224866,7,40.63333333333333,34,40,591396872,0,0,7,31.516666666666666,32,38,588251144,0,0,421,421
735.224907,7,43.016666666666666,34,40,591396872,0,0,7,31.25,32,37,588251144,0,0,385,385
736.22503,263,29.15,34,40,591396872,0,0,263,28.5,32,37,588251144,0,0,-869,-869
737.22507,7,22.016666666666666,34,40,591396872,0,0,7,22.666666666666668,33,38,588251144,0,0,264,264
738.225206,263,21.1,34,40,591396872,0,0,263,21.666666666666668,33,38,588251144,0,0,-482,-482
739.225223,7,16.966666666666665,34,40,591396872,0,0,7,17.633333333333333,33,38,588251144,0,0,106,106
740.22531,7,15.9,34,39,591396872,0,0,7,17.683333333333334,33,37,588251144,0,0,122,122
741.225353,7,21.7,34,40,591396872,0,0,7,24.666666666666668,33,38,588251144,0,0,804,804
742.225431,7,28.03333333333333,34,40,591396872,0,0,7,32.71666666666667,33,38,588251144,0,0,541,541
743.225547,7,29.383333333333333,34,40,591396872,0,0,7,35.93333333333333,33,38,588251144,0,0,100,100
744.225552,7,22.2,34,40,591396872,0,0,7,28.116666666666667,33,38,588251144,0,0,62,62
745.225679,7,21.15,34,40,591396872,0,0,7,28.349999999999998,33,37,588251144,0,0,333,333
746.225719,7,23.383333333333333,34,40,591396872,0,0,7,28.583333333333332,33,37,588251144,0,0,159,159
747.225848,263,19.95,34,39,591396872,0,0,263,21.866666666666667,34,37,588251144,0,0,-521,-521
748.225899,263,11.6,34,40,591396872,0,0,263,12.066666666666666,34,37,588251144,0,0,-357,-357
749.22599,263,5.466666666666667,34,40,591396872,0,0,263,5.633333333333333,34,37,588251144,0,0,-167,-167
750.226081,7,3.1166666666666667,34,39,591396872,0,0,7,3.2666666666666666,34,37,588251144,0,0,961,961
751.226133,7,17.75,34,40,591396872,0,0,7,18.0,34,38,588251144,0,0,964,964
752.226188,7,20.316666666666666,34,40,591396872,0,0,7,20.5,34,38,588251144,0,0,482,482
753.226237,7,25.35,34,40,591396872,0,0,7,25.316666666666666,34,38,588251144,0,0,444,444
754.226293,7,31.383333333333333,34,40,591396872,0,0,7,29.25,34,38,588251144,0,0,590,590
755.226391,7,39.06666666666666,35,40,591396872,0,0,7,30.466666666666665,34,38,588251144,0,0,462,462
756.226532,7,42.21666666666667,34,40,591396872,0,0,7,31.616666666666667,34,38,588251144,0,0,396,396
757.226565,7,42.166666666666664,35,40,591396872,0,0,7,34.483333333333334,34,38,588251144,0,0,352,352
758.226669,263,37.86666666666667,35,40,591396872,0,0,263,29.616666666666667,34,38,588251144,0,0,-1011,-1011
759.226741,263,20.866666666666667,35,40,591396872,0,0,263,21.03333333333333,34,38,588251144,0,0,-539,-539
760.226924,7,21.666666666666668,35,40,591396872,0,0,7,22.1,34,38,588251144,0,0,400,400
761.226938,7,26.099999999999998,35,40,591396872,0,0,7,26.349999999999998,34,38,588251144,0,0,543,543
762.226982,263,26.416666666666668,35,40,591396872,0,0,263,28.866666666666667,34,38,588251144,0,0,-363,-363
763.227118,7,26.466666666666665,35,40,591396872,0,0,7,30.616666666666667,34,38,588251144,0,0,643,643
764.227209,7,31.683333333333334,35,40,591396872,0,0,7,36.516666666666666,34,38,588251144,0,0,480,480
765.227211,7,33.4,35,40,591396872,0,0,7,40.766666666666666,34,38,588251144,0,0,386,386
766.227388,7,32.96666666666667,35,40,591396872,0,0,7,42.6,34,38,588251144,0,0,359,359
767.227731,263,33.28333333333333,35,40,591396872,0,0,263,39.8,34,38,588251144,0,0,-273,-273
768.227777,263,28.666666666666668,36,40,591396872,0,0,263,30.133333333333333,34,38,588251144,0,0,-119,-119
769.228049,263,27.15,36,40,591396872,0,0,263,27.683333333333334,34,38,588251144,0,0,-526,-526
770.228335,7,27.866666666666667,36,40,591396872,0,0,7,27.916666666666668,34,38,588251144,0,0,665,665
771.22897,7,33.75,36,40,591396872,0,0,7,33.5,34,38,588251144,0,0,497,497
772.229622,7,40.63333333333333,36,40,591396872,0,0,7,33.85,34,38,588251144,0,0,385,385
773.229757,7,43.3,36,40,591396872,0,0,7,33.016666666666666,34,38,588251144,0,0,352,352
774.22976,7,43.05,36,40,591396872,0,0,7,35.13333333333333,34,38,588251144,0,0,334,334
775.229809,7,44.68333333333333,36,40,591396872,0,0,7,32.81666666666666,34,38,588251144,0,0,337,337
776.229914,263,34.86666666666667,36,40,591396872,0,0,263,35.2,34,38,588251144,0,0,-1054,-1054
777.230116,7,0.016666666666666666,36,40,591396872,0,0,7,4.166666666666667,35,38,588251144,0,0,0,0
778.230312,263,-0.06666666666666667,36,40,591396872,0,0,263,-0.05,35,38,588251144,0,0,1,1
779.231493,7,0.0,36,40,591396872,0,0,7,0.0,35,38,588251144,0,0,0,0
780.232162,7,11.6,36,40,591396872,0,0,7,12.55,35,39,588251144,0,0,1148,1148
781.232261,7,23.65,36,41,591396872,0,0,7,24.78333333333333,35,39,588251144,0,0,775,775
782.232391,7,29.933333333333334,36,41,591396872,0,0,7,33.55,35,39,588251144,0,0,547,547
783.232509,7,32.93333333333333,36,41,591396872,0,0,7,38.75,35,39,588251144,0,0,428,428
784.232682,7,34.45,36,41,591396872,0,0,7,42.266666666666666,35,39,588251144,0,0,352,352
785.233669,7,34.166666666666664,36,41,591396872,0,0,7,43.68333333333333,35,39,588251144,0,0,0,0
786.23462,7,33.233333333333334,37,41,591396872,0,0,7,41.11666666666667,35,39,588251144,0,0,377,377
787.234745,7,38.8,36,41,591396872,0,0,7,40.666666666666664,35,39,588251144,0,0,307,307
788.234863,7,41.333333333333336,37,41,591396872,0,0,7,41.31666666666666,35,39,588251144,0,0,262,262
789.235071,7,42.3,37,41,591396872,0,0,7,41.983333333333334,35,39,588251144,0,0,232,232
790.235298,7,46.016666666666666,37,41,591396872,0,0,7,38.13333333333333,35,39,588251144,0,0,237,237
791.235308,7,45.7,37,41,591396872,0,0,7,35.85,35,39,588251144,0,0,278,278
792.235629,7,44.36666666666667,37,41,591396872,0,0,7,36.56666666666666,35,39,588251144,0,0,283,283
793.236439,263,41.28333333333333,37,41,591396872,0,0,263,32.166666666666664,36,39,588251144,0,0,-1110,-1110
794.237168,263,24.183333333333334,37,41,591396872,0,0,263,24.85,35,39,588251144,0,0,-186,-186
795.237219,7,26.03333333333333,37,41,591396872,0,0,7,27.116666666666667,35,39,588251144,0,0,711,711
796.237417,7,32.93333333333333,37,41,591396872,0,0,7,33.21666666666667,36,39,588251144,0,0,510,510
797.237496,7,34.13333333333333,37,41,591396872,0,0,7,39.63333333333333,36,39,588251144,0,0,393,393
798.237502,7,35.983333333333334,37,41,591396872,0,0,7,42.266666666666666,36,39,588251144,0,0,325,325
799.237572,7,36.06666666666666,37,41,591396872,0,0,7,44.18333333333333,36,39,588251144,0,0,293,293
800.237709,7,34.2,37,41,591396872,0,0,7,45.483333333333334,36,39,588251144,0,0,300,300
801.237854,7,36.93333333333333,37,41,591396872,0,0,7,42.95,36,39,588251144,0,0,301,301
802.237898,7,40.7,37,41,591396872,0,0,7,42.13333333333333,36,39,588251144,0,0,259,259
803.237968,7,42.166666666666664,37,41,591396872,0,0,7,42.416666666666664,36,39,588251144,0,0,230,230
804.237987,7,42.9,37,41,591396872,0,0,7,42.766666666666666,36,39,588251144,0,0,220,220
805.238109,7,47.15,37,41,591396872,0,0,7,35.35,36,39,588251144,0,0,256,256
806.23817,7,45.1,37,41,591396872,0,0,7,35.05,36,39,588251144,0,0,302,302
807.238207,7,45.13333333333333,37,41,591396872,0,0,7,35.63333333333333,36,39,588251144,0,0,288,288
808.238351,7,42.96666666666667,37,41,591396872,0,0,7,36.93333333333333,36,39,588251144,0,0,303,303
809.238394,263,30.333333333333332,37,41,591396872,0,0,263,31.95,36,39,588251144,0,0,-941,-941
810.238397,7,24.0,37,41,591396872,0,0,7,24.816666666666666,36,39,588251144,0,0,767,767
811.238481,7,30.666666666666668,37,41,591396872,0,0,7,32.916666666666664,36,39,588251144,0,0,548,548
812.238483,7,33.93333333333333,37,41,591396872,0,0,7,38.45,36,39,588251144,0,0,414,414
813.238667,7,35.31666666666666,37,41,591396872,0,0,7,41.833333333333336,36,39,588251144,0,0,343,343
814.23885,7,35.31666666666666,37,41,591396872,0,0,7,43.78333333333333,36,39,588251144,0,0,310,310
815.238971,7,33.53333333333333,37,41,591396872,0,0,7,45.3,36,39,588251144,0,0,317,317
816.238994,7,38.666666666666664,37,41,591396872,0,0,7,42.38333333333333,36,39,588251144,0,0,284,284
817.239006,7,41.71666666666667,37,41,591396872,0,0,7,41.983333333333334,36,39,588251144,0,0,240,240
818.239122,7,44.083333333333336,37,41,591396872,0,0,7,41.35,36,39,588251144,0,0,219,219
819.239242,7,43.21666666666667,37,41,591396872,0,0,7,42.733333333333334,36,39,588251144,0,0,210,210
820.239243,7,46.75,37,41,591396872,0,0,7,32.9,36,39,588251144,0,0,301,301
821.239249,7,43.6,37,41,591396872,0,0,7,35.05,37,39,588251144,0,0,317,317
822.239442,7,45.416666666666664,37,41,591396872,0,0,7,33.35,36,39,588251144,0,0,321,321
823.239459,263,32.93333333333333,37,41,591396872,0,0,263,31.966666666666665,36,39,588251144,0,0,-973,-973
824.239524,263,18.016666666666666,37,41,591396872,0,0,263,19.233333333333334,36,39,588251144,0,0,-558,-558
825.239661,7,10.633333333333333,37,41,591396872,0,0,7,11.05,36,39,588251144,0,0,643,643
826.239666,7,16.75,37,41,591396872,0,0,7,17.35,36,39,588251144,0,0,479,479
827.239745,7,20.916666666666668,37,41,591396872,0,0,7,21.85,37,40,588251144,0,0,489,489
828.239825,7,23.416666666666668,37,41,591396872,0,0,7,27.05,36,39,588251144,0,0,69,69
829.239944,7,15.416666666666666,37,41,591396872,0,0,7,18.0,36,39,588251144,0,0,248,248
830.240361,263,11.133333333333333,37,41,591396872,0,0,263,13.0,36,39,588251144,0,0,-362,-362
831.240864,7,6.75,37,41,591396872,0,0,7,7.333333333333333,36,39,588251144,0,0,0,0
832.241661,7,0.0,37,41,591396872,0,0,7,0.03333333333333333,37,39,588251144,0,0,0,0
833.241934,7,0.0,37,41,591396872,0,0,7,0.0,37,39,588251144,0,0,0,0
834.241963,7,-0.016666666666666666,37,41,591396872,0,0,7,0.016666666666666666,36,39,588251144,0,0,0,0
835.241987,7,-0.15,37,41,591396872,0,0,7,-0.21666666666666667,37,39,588251144,0,0,0,0
836.242164,7,0.0,37,41,591396872,0,0,7,0.0,37,39,588251144,0,0,0,0
837.242195,7,0.0,37,41,591396872,0,0,7,-0.016666666666666666,37,39,588251144,0,0,0,0
838.242227,7,0.0,37,41,591396872,0,0,7,-0.03333333333333333,36,39,588251144,0,0,0,0
839.242352,7,0.0,37,41,591396872,0,0,7,-0.03333333333333333,37,39,588251144,0,0,0,0
840.242396,7,0.0,37,41,591396872,0,0,7,0.016666666666666666,36,39,588251144,0,0,0,0
841.242447,7,-0.03333333333333333,37,41,591396872,0,0,7,0.0,36,39,588251144,0,0,0,0
842.242567,7,-0.016666666666666666,37,41,591396872,0,0,7,-0.016666666666666666,36,39,588251144,0,0,0,0
843.242642,7,0.0,37,41,591396872,0,0,7,-0.016666666666666666,36,39,588251144,0,0,0,0
844.242713,7,0.0,37,41,591396872,0,0,7,-0.03333333333333333,37,39,588251144,0,0,0,0
845.2428,7,0.0,37,41,591396872,0,0,7,0.0,36,39,588251144,0,0,0,0
846.242923,7,0.0,37,41,591396872,0,0,7,0.016666666666666666,36,39,588251144,0,0,0,0
847.24293,7,0.0,37,41,591396872,0,0,7,0.016666666666666666,36,39,588251144,0,0,0,0
848.242973,7,0.0,37,41,591396872,0,0,7,0.016666666666666666,36,39,588251144,0,0,0,0
849.243112,7,-0.03333333333333333,37,41,591396872,0,0,7,-0.03333333333333333,36,39,588251144,0,0,0,0
850.243124,7,-0.03333333333333333,37,41,591396872,0,0,7,0.0,36,39,588251144,0,0,0,0
851.24319,7,0.016666666666666666,37,40,591396872,0,0,7,0.0,36,39,588251144,0,0,0,0
852.243253,7,-0.03333333333333333,37,41,591396872,0,0,7,0.016666666666666666,36,39,588251144,0,0,0,0
853.243269,7,-0.03333333333333333,37,41,591396872,0,0,7,-0.03333333333333333,36,39,588251144,0,0,0,0
854.243395,7,0.0,37,41,591396872,0,0,7,-0.03333333333333333,36,39,588251144,0,0,0,0
855.243566,7,0.0,37,40,591396872,0,0,7,-0.03333333333333333,36,39,588251144,0,0,0,0
856.243568,7,0.0,37,41,591396872,0,0,7,0.0,36,39,588251144,0,0,0,0
857.243644,7,0.0,37,40,591396872,0,0,7,0.016666666666666666,36,39,588251144,0,0,0,0
858.243698,7,-0.03333333333333333,37,40,591396872,0,0,7,0.0,36,39,588251144,0,0,0,0
859.243773,7,0.0,37,40,591396872,0,0,7,0.016666666666666666,36,39,588251144,0,0,0,0
860.243932,7,0.0,37,40,591396872,0,0,7,-0.016666666666666666,36,39,588251144,0,0,0,0
861.244146,7,0.0,37,40,591396872,0,0,7,-0.016666666666666666,36,39,588251144,0,0,0,0
862.244178,7,0.0,37,40,591396872,0,0,7,0.016666666666666666,36,39,588251144,0,0,0,0
863.24426,7,0.0,37,40,591396872,0,0,7,0.016666666666666666,36,39,588251144,0,0,0,0
864.244273,7,0.0,37,41,591396872,0,0,8199,0.016666666666666666,36,39,588251144,0,0,0,0
865.2444,7,0.016666666666666666,37,40,591396872,0,0,7,0.03333333333333333,36,39,588251144,0,0,0,0
866.244439,7,0.016666666666666666,37,40,591396872,0,0,7,0.016666666666666666,36,38,588251144,0,0,0,0
867.244552,7,0.016666666666666666,37,40,591396872,0,0,7,0.016666666666666666,36,39,588251144,0,0,0,0
868.244607,7,0.0,37,40,591396872,0,0,7,0.016666666666666666,36,38,588251144,0,0,0,0
869.244665,7,0.016666666666666666,37,40,591396872,0,0,7,0.016666666666666666,36,39,588251144,0,0,0,0
870.244966,7,0.0,37,40,591396872,0,0,7,-0.016666666666666666,36,39,588251144,0,0,0,0
871.245267,7,0.0,37,40,591396872,0,0,3,-0.016666666666666666,36,39,588251144,0,0,0,0
872.245708,7,0.016666666666666666,37,40,591396872,0,0,7,-0.016666666666666666,36,38,588251144,0,0,0,0
873.24702,7,0.016666666666666666,37,40,591396872,0,0,7,-0.016666666666666666,35,38,588251144,0,0,0,0
874.247473,7,0.016666666666666666,37,40,591396872,0,0,7,-0.016666666666666666,36,38,588251144,0,0,0,0
875.248106,7,0.016666666666666666,37,40,591396872,0,0,7,0.016666666666666666,35,38,588251144,0,0,0,0
876.248719,7,0.0,37,40,591396872,0,0,7,-0.016666666666666666,35,38,588251144,0,0,0,0
877.249064,7,0.0,37,40,591396872,0,0,7,-0.016666666666666666,36,38,588251144,0,0,0,0
878.249174,7,0.0,37,40,591396872,0,0,7,0.016666666666666666,35,38,588251144,0,0,0,0
879.249248,7,0.0,37,40,591396872,0,0,7,0.03333333333333333,35,39,588251144,0,0,0,0
880.249303,7,0.0,37,40,591396872,0,0,7,-0.016666666666666666,35,39,588251144,0,0,0,0
881.249312,7,0.0,37,40,591396872,0,0,7,-0.016666666666666666,35,38,588251144,0,0,0,0
882.249459,7,0.0,37,40,591396872,0,0,7,0.0,35,38,588251144,0,0,0,0
883.249473,7,0.0,37,40,591396872,0,0,7,0.03333333333333333,35,38,588251144,0,0,0,0
884.249694,7,0.0,37,41,591396872,0,0,7,-0.016666666666666666,35,38,588251144,0,0,0,0
885.249696,7,0.0,37,40,591396872,0,0,7,0.03333333333333333,35,38,588251144,0,0,0,0
886.249718,7,0.0,37,40,591396872,0,0,7,0.0,35,38,588251144,0,0,0,0
887.249933,7,0.0,37,40,591396872,0,0,7,-0.016666666666666666,35,38,588251144,0,0,0,0
888.250002,7,0.0,37,40,591396872,0,0,7,0.0,35,38,588251144,0,0,0,0
889.250024,7,0.0,37,40,591396872,0,0,7,-0.016666666666666666,35,38,588251144,0,0,0,0
890.250244,7,0.0,37,40,591396872,0,0,7,-0.016666666666666666,35,38,588251144,0,0,0,0
891.25032,7,0.0,37,40,591396872,0,0,7,0.0,35,39,588251144,0,0,0,0
892.250556,7,0.0,37,40,591396872,0,0,7,0.0,35,38,588251144,0,0,0,0
893.250586,7,0.0,37,40,591396872,0,0,7,-0.016666666666666666,35,38,588251144,0,0,0,0
894.250993,7,0.0,37,40,591396872,0,0,7,0.0,35,38,588251144,0,0,0,0
895.251626,7,0.0,37,40,591396872,0,0,7,0.0,35,38,588251144,0,0,0,0
896.252342,7,0.0,37,40,591396872,0,0,7,0.0,35,38,588251144,0,0,0,0
897.252535,7,0.0,37,40,591396872,0,0,7,0.0,35,38,588251144,0,0,0,0
898.252571,7,0.0,37,40,591396872,0,0,7,0.0,35,38,588251144,0,0,0,0
899.252755,7,0.0,37,40,591396872,0,0,7,0.0,35,38,588251144,0,0,0,0
900.252781,7,0.0,37,40,591396872,0,0,7,-0.016666666666666666,35,38,588251144,0,0,0,0
901.252861,7,0.0,37,40,591396872,0,0,7,0.0,35,38,588251144,0,0,0,0
902.252921,7,0.0,36,40,591396872,0,0,7,0.0,34,38,588251144,0,0,0,0
903.253,7,0.0,36,40,591396872,0,0,7,0.0,34,38,588251144,0,0,0,0
904.253017,7,0.0,36,40,591396872,0,0,7,0.0,35,38,588251144,0,0,0,0
905.25309,7,0.0,37,40,591396872,0,0,7,0.0,35,38,588251144,0,0,0,0
906.253175,7,0.0,36,40,591396872,0,0,7,0.0,35,38,588251144,0,0,0,0
907.253213,7,0.0,36,40,591396872,0,0,7,0.0,34,39,588251144,0,0,0,0
908.253244,7,0.0,36,40,591396872,0,0,7,0.0,34,38,588251144,0,0,0,0
909.253374,7,0.0,36,41,591396872,0,0,7,0.0,34,38,588251144,0,0,0,0
910.253479,7,0.0,36,41,591396872,0,0,7,0.0,34,38,588251144,0,0,0,0
911.253556,7,0.016666666666666666,36,40,591396872,0,0,7,0.0,34,38,588251144,0,0,0,0
912.253688,7,0.0,36,40,591396872,0,0,7,0.0,34,38,588251144,0,0,0,0
913.253698,7,0.0,36,40,591396872,0,0,7,0.0,34,38,588251144,0,0,0,0
914.253746,7,0.0,36,40,591396872,0,0,7,0.0,34,38,588251144,0,0,0,0
915.253837,7,0.0,36,40,591396872,0,0,7,0.0,34,38,588251144,0,0,0,0
916.253906,7,0.0,36,40,591396872,0,0,7,-0.016666666666666666,34,38,588251144,0,0,0,0
917.253958,7,-0.016666666666666666,36,40,591396872,0,0,7,0.0,34,38,588251144,0,0,0,0
918.254056,7,0.0,36,40,591396872,0,0,7,0.0,34,38,588251144,0,0,0,0
919.254075,7,0.0,36,40,591396872,0,0,7,0.0,34,38,588251144,0,0,0,0
920.254181,7,0.0,36,40,591396872,0,0,7,0.0,34,39,588251144,0,0,0,0
921.254295,7,0.0,36,40,591396872,0,0,7,0.0,34,39,588251144,0,0,0,0
922.254355,7,0.0,36,40,591396872,0,0,7,0.0,34,39,588251144,0,0,0,0
923.254362,7,0.0,36,40,591396872,0,0,7,-0.016666666666666666,34,38,588251144,0,0,0,0
924.254485,7,0.0,36,40,591396872,0,0,7,0.016666666666666666,34,38,588251144,0,0,0,0
925.254521,7,0.016666666666666666,36,41,591396872,0,0,7,0.0,34,38,588251144,0,0,0,0
926.254705,7,-0.016666666666666666,36,40,591396872,0,0,7,0.0,34,38,588251144,0,0,0,0
927.254713,7,0.0,36,40,591396872,0,0,7,0.0,34,38,588251144,0,0,0,0
928.254754,7,0.016666666666666666,36,40,591396872,0,0,7,0.0,34,39,588251144,0,0,0,0
929.254824,7,-0.016666666666666666,36,40,591396872,0,0,7,0.0,34,38,588251144,0,0,0,0
930.254882,7,0.0,36,41,591396872,0,0,7,0.016666666666666666,34,39,588251144,0,0,0,0
931.254903,7,0.0,36,40,591396872,0,0,7,0.016666666666666666,34,38,588251144,0,0,0,0
932.255026,7,0.0,36,40,591396872,0,0,7,-0.03333333333333333,34,38,588251144,0,0,0,0
933.255156,7,0.0,36,41,591396872,0,0,7,0.016666666666666666,34,38,588251144,0,0,0,0
934.255164,7,0.0,36,40,591396872,0,0,7,0.016666666666666666,34,38,588251144,0,0,0,0
935.255291,7,0.0,36,40,591396872,0,0,7,0.03333333333333333,34,38,588251144,0,0,0,0
936.25531,7,0.0,36,40,591396872,0,0,7,0.03333333333333333,34,38,588251144,0,0,0,0
937.255437,7,-0.016666666666666666,35,41,591396872,0,0,7,-0.03333333333333333,34,38,588251144,0,0,0,0
938.255551,7,0.0,36,41,591396872,0,0,7,0.016666666666666666,34,38,588251144,0,0,0,0
939.255566,7,0.0,36,41,591396872,0,0,7,-0.03333333333333333,34,38,588251144,0,0,0,0
940.255606,7,0.0,36,41,591396872,0,0,7,0.0,34,38,588251144,0,0,0,0
941.255732,7,0.0,36,40,591396872,0,0,8199,-0.016666666666666666,34,39,588251144,0,0,0,0
942.255826,7,0.0,35,40,591396872,0,0,7,-0.016666666666666666,34,38,588251144,0,0,0,0
943.255841,7,0.0,35,41,591396872,0,0,7,0.0,34,38,588251144,0,0,0,0
944.255895,7,0.0,35,41,591396872,0,0,7,0.0,34,38,588251144,0,0,0,0
945.256038,7,1.8833333333333333,35,40,591396872,0,0,7,1.8666666666666667,34,38,588251144,0,0,0,0
946.256132,7,0.15,35,40,591396872,0,0,7,-0.05,34,39,588251144,0,0,0,0
947.257198,7,0.03333333333333333,35,41,591396872,0,0,7,0.0,34,38,588251144,0,0,0,0
948.257779,7,-0.016666666666666666,35,40,591396872,0,0,3,0.0,34,39,588251144,0,0,0,0
949.258385,7,0.0,35,40,591396872,0,0,7,0.0,34,38,588251144,0,0,0,0
950.258509,7,0.03333333333333333,35,41,591396872,0,0,7,0.0,34,39,588251144,0,0,0,0
951.258559,7,0.0,35,41,591396872,0,0,7,0.0,34,38,588251144,0,0,0,0
952.258636,7,-0.016666666666666666,35,41,591396872,0,0,7,0.0,34,39,588251144,0,0,0,0
953.258728,7,0.0,35,41,591396872,0,0,7,0.0,34,38,588251144,0,0,0,0
954.258745,7,0.0,35,41,591396872,0,0,7,0.0,34,38,588251144,0,0,0,0
955.258888,7,-0.016666666666666666,35,41,591396872,0,0,7,0.0,34,38,588251144,0,0,0,0
956.258948,7,-0.6,35,41,591396872,0,0,7,-0.6,34,39,588251144,0,0,0,0
957.259579,7,-2.2,35,41,591396872,0,0,7,-3.35,34,38,588251144,0,0,0,0
958.26025,7,-2.45,35,41,591396872,0,0,7,-4.016666666666667,34,38,588251144,0,0,0,0
959.260876,7,-3.2666666666666666,35,41,591396872,0,0,7,-5.583333333333333,34,39,588251144,0,0,0,0
960.261054,7,-3.4166666666666665,35,41,591396872,0,0,7,-5.783333333333333,34,39,588251144,0,0,0,0
961.26116,7,-3.7333333333333334,35,41,591396872,0,0,7,-5.966666666666667,34,38,588251144,0,0,0,0
962.261234,7,-3.0666666666666664,35,40,591396872,0,0,7,-5.3,34,39,588251144,0,0,0,0
963.26207,7,-2.933333333333333,35,41,591396872,0,0,7,-5.0,34,38,588251144,0,0,0,0
964.262708,7,-2.5166666666666666,35,40,591396872,0,0,7,-4.083333333333333,34,39,588251144,0,0,0,0
965.263438,7,-1.5666666666666667,35,41,591396872,0,0,7,-2.4833333333333334,34,38,588251144,0,0,0,0
966.263542,7,-0.4166666666666667,35,41,591396872,0,0,7,-0.26666666666666666,34,38,588251144,0,0,0,0
967.263711,7,1.15,35,41,591396872,0,0,7,0.65,34,39,588251144,0,0,0,0
968.264022,7,2.55,35,41,591396872,0,0,7,1.7666666666666666,34,38,588251144,0,0,0,0
969.264623,7,2.6333333333333333,35,41,591396872,0,0,7,1.95,34,38,588251144,0,0,0,0
970.265323,7,1.1666666666666667,35,41,591396872,0,0,7,0.9,34,39,588251144,0,0,0,0
971.265802,7,1.1166666666666667,35,41,591396872,0,0,7,0.8833333333333333,34,38,588251144,0,0,0,0
972.265902,7,2.3333333333333335,35,40,591396872,0,0,7,1.5166666666666666,34,39,588251144,0,0,0,0
973.266116,7,2.3166666666666664,35,41,591396872,0,0,7,1.3333333333333333,34,39,588251144,0,0,0,0
974.266562,7,3.0666666666666664,35,41,591396872,0,0,7,1.75,34,39,588251144,0,0,0,0
975.267,7,0.25,35,41,591396872,0,0,7,0.016666666666666666,34,39,588251144,0,0,0,0
976.267753,7,1.7666666666666666,35,41,591396872,0,0,7,1.0666666666666667,34,39,588251144,0,0,0,0
977.268296,7,1.9833333333333334,35,41,591396872,0,0,7,1.2,34,39,588251144,0,0,0,0
978.268303,7,2.1666666666666665,35,41,591396872,0,0,7,1.25,34,39,588251144,0,0,0,0
979.268401,7,1.75,35,41,591396872,0,0,7,1.1,34,39,588251144,0,0,0,0
980.27068,7,1.9333333333333333,35,41,591396872,0,0,7,1.1,34,39,588251144,0,0,0,0
981.2709,7,1.6333333333333333,35,41,591396872,0,0,7,0.9,34,39,588251144,0,0,0,0
982.271631,7,1.9666666666666666,35,41,591396872,0,0,7,1.15,34,39,588251144,0,0,0,0
983.272293,7,1.4333333333333333,35,41,591396872,0,0,7,0.8833333333333333,34,39,588251144,0,0,0,0
984.272814,7,1.4666666666666666,35,41,591396872,0,0,7,0.8,34,39,588251144,0,0,0,0
985.272978,7,1.5166666666666666,35,41,591396872,0,0,7,0.9,34,39,588251144,0,0,0,0
986.273012,7,1.45,35,41,591396872,0,0,7,0.7833333333333333,34,39,588251144,0,0,0,0
987.273032,7,1.0333333333333332,35,41,591396872,0,0,7,0.65,34,38,588251144,0,0,0,0
988.27304,7,0.0,35,41,591396872,0,0,7,0.0,34,39,588251144,0,0,0,0
989.273159,7,0.03333333333333333,34,41,591396872,0,0,7,0.0,34,39,588251144,0,0,0,0
990.273205,7,0.0,35,41,591396872,0,0,7,0.0,34,39,588251144,0,0,0,0
991.273337,7,0.0,35,41,591396872,0,0,7,0.0,34,39,588251144,0,0,0,0
992.273379,7,0.03333333333333333,35,41,591396872,0,0,7,0.0,34,39,588251144,0,0,0,0
993.273454,7,-0.016666666666666666,35,41,591396872,0,0,7,0.0,34,39,588251144,0,0,0,0
994.27397,7,-0.016666666666666666,35,41,591396872,0,0,7,0.0,34,39,588251144,0,0,0,0
995.274615,7,-0.03333333333333333,34,41,591396872,0,0,7,0.0,34,39,588251144,0,0,0,0
996.275281,7,-0.03333333333333333,34,41,591396872,0,0,7,0.0,34,39,588251144,0,0,0,0
997.275666,7,-0.03333333333333333,34,41,591396872,0,0,7,0.0,34,38,588251144,0,0,0,0
998.275737,7,-0.016666666666666666,34,41,591396872,0,0,7,0.0,34,39,588251144,0,0,0,0
999.275856,7,-0.016666666666666666,34,41,591396872,0,0,7,0.0,33,39,588251144,0,0,0,0
1000.276045,7,-0.016666666666666666,34,41,591396872,0,0,7,0.0,34,39,588251144,0,0,0,0
1001.276079,7,-0.016666666666666666,34,41,591396872,0,0,7,0.0,34,39,588251144,0,0,0,0
1002.276178,7,0.016666666666666666,35,41,591396872,0,0,7,-0.03333333333333333,33,39,588251144,0,0,0,0
1003.276234,7,0.016666666666666666,34,41,591396872,0,0,7,0.0,34,39,588251144,0,0,0,0
1004.276254,7,-0.016666666666666666,34,41,591396872,0,0,7,0.0,33,39,588251144,0,0,0,0
1005.276441,7,-0.016666666666666666,34,41,591396872,0,0,7,0.0,33,39,588251144,0,0,0,0
1006.276495,7,0.03333333333333333,34,41,591396872,0,0,7,0.0,33,39,588251144,0,0,0,0
1007.27655,7,0.016666666666666666,34,41,591396872,0,0,7,0.0,33,39,588251144,0,0,0,0
1008.277204,7,0.016666666666666666,34,41,591396872,0,0,7,0.0,33,39,588251144,0,0,0,0
