28.122714,0,0,0.08333333333333333,-0.18333333333333332,-0.005999999999999999,-0.029629629629629627,-0.7368167638778687
29.123319,0,0,0.016666666666666666,0.0,0.001,-0.0018518518518518517,-0.5278323292732239
30.123369,0,0,0.0,0.016666666666666666,0.001,0.0018518518518518517,-0.5278323292732239
31.123473,0,0,0.0,0.0,0.0,0.0,-0.5278323292732239
32.123974,0,0,0.0,0.0,0.0,0.0,-0.5278323292732239
33.124071,0,0,0.03333333333333333,0.0,0.002,-0.0037037037037037034,-0.5278323292732239
34.124091,0,0,0.03333333333333333,0.0,0.002,-0.0037037037037037034,-0.5278323292732239
35.124319,0,0,0.0,0.0,0.0,0.0,-0.5278323292732239
36.124491,0,0,0.0,0.0,0.0,0.0,-0.5278323292732239
37.124624,0,0,0.0,0.0,0.0,0.0,-0.5278323292732239
38.124688,0,0,0.0,0.0,0.0,0.0,-0.5278323292732239
39.124746,0,0,0.0,0.0,0.0,0.0,-0.5278323292732239
40.125227,0,0,-0.016666666666666666,0.0,-0.001,0.0018518518518518517,-0.5278323292732239
41.125455,0,0,0.0,0.0,0.0,0.0,-0.5278323292732239
42.126509,0,0,-0.016666666666666666,0.0,-0.001,0.0018518518518518517,-0.5278323292732239
43.126654,0,0,0.0,0.016666666666666666,0.001,0.0018518518518518517,-0.5278323292732239
44.127546,0,0,0.03333333333333333,0.0,0.002,-0.0037037037037037034,-0.5278323292732239
45.128362,0,0,0.0,0.0,0.0,0.0,-0.5278323292732239
46.128619,0,0,0.0,0.0,0.0,0.0,-0.5278323292732239
47.130506,0,0,0.0,0.0,0.0,0.0,-0.5278323292732239
48.130698,0,0,0.0,0.0,0.0,0.0,-0.5278323292732239
49.130959,0,0,0.0,0.0,0.0,0.0,-0.5278323292732239
50.131219,0,0,0.0,0.0,0.0,0.0,-0.5278323292732239
51.131407,0,0,0.0,0.0,0.0,0.0,-0.5278323292732239
52.131437,0,0,0.0,0.0,0.0,0.0,-0.5278323292732239
53.13146,0,0,0.0,0.0,0.0,0.0,-0.5278323292732239
54.132334,0,0,-0.016666666666666666,0.0,-0.001,0.0018518518518518517,-0.5278323292732239
55.132379,0,0,0.0,0.0,0.0,0.0,-0.5278323292732239
56.132709,0,0,0.0,0.0,0.0,0.0,-0.5278323292732239
57.132923,0,0,0.03333333333333333,0.0,0.002,-0.0037037037037037034,-0.5278323292732239
58.13359,0,0,0.03333333333333333,0.0,0.002,-0.0037037037037037034,-0.5278323292732239
59.133731,0,0,0.0,0.0,0.0,0.0,-0.5278323292732239
60.133759,0,0,0.0,0.0,0.0,0.0,-0.5278323292732239
61.13385,0,0,0.0,0.0,0.0,0.0,-0.5278323292732239
62.13389,0,0,0.0,0.0,0.0,0.0,-0.5278323292732239
63.133966,0,0,0.0,0.0,0.0,0.0,-0.5278323292732239
64.133968,0,0,0.0,0.0,0.0,0.0,-0.5278323292732239
65.134108,0,0,0.0,0.0,0.0,0.0,-0.5278323292732239
66.13411,0,0,-0.03333333333333333,0.0,-0.002,0.0037037037037037034,-0.5278323292732239
67.134211,0,0,-0.06666666666666667,0.0,-0.004,0.007407407407407407,-0.5278323292732239
68.134342,0,0,-0.21666666666666667,-0.05,-0.016,0.018518518518518517,-0.5229495167732239
69.134494,0,0,0.03333333333333333,0.0,0.002,-0.0037037037037037034,-0.5219729542732239
70.134569,0,0,0.0,0.0,0.0,0.0,-0.5219729542732239
71.135184,0,0,-0.016666666666666666,0.0,-0.001,0.0018518518518518517,-0.5219729542732239
72.136155,0,0,0.0,0.0,0.0,0.0,-0.5219729542732239
73.136612,0,0,0.0,0.0,0.0,0.0,-0.5219729542732239
74.136624,0,0,0.03333333333333333,0.0,0.002,-0.0037037037037037034,-0.5219729542732239
75.136745,0,0,-0.016666666666666666,0.0,-0.001,0.0018518518518518517,-0.5219729542732239
76.13682,0,0,-0.016666666666666666,0.0,-0.001,0.0018518518518518517,-0.5219729542732239
77.137947,0,0,0.0,0.0,0.0,0.0,-0.5219729542732239
78.13873,0,0,-0.016666666666666666,0.0,-0.001,0.0018518518518518517,-0.5219729542732239
79.138741,0,0,0.0,0.0,0.0,0.0,-0.5219729542732239
80.139418,0,0,0.0,0.0,0.0,0.0,-0.5219729542732239
81.140608,0,0,-0.03333333333333333,0.0,-0.002,0.0037037037037037034,-0.4321291446685791
82.143536,0,0,0.0,0.0,0.0,0.0,0.04150390625
83.144511,0,0,0.0,0.0,0.0,0.0,0.04150390625
84.144606,0,0,0.0,0.0,0.0,0.0,0.04150390625
85.145119,0,0,0.0,0.0,0.0,0.0,0.04150390625
86.145395,0,0,0.0,0.03333333333333333,0.002,0.0037037037037037034,0.04443359375
87.145668,0,0,0.0,-0.03333333333333333,-0.002,-0.0037037037037037034,0.04150390625
88.146387,0,0,0.0,-0.03333333333333333,-0.002,-0.0037037037037037034,0.04638671875
89.146614,0,0,0.0,-0.03333333333333333,-0.002,-0.0037037037037037034,0.04150390625
90.147193,0,0,0.0,-0.03333333333333333,-0.002,-0.0037037037037037034,0.04150390625
91.147699,0,0,0.0,0.016666666666666666,0.001,0.0018518518518518517,0.04833984375
92.147793,0,0,0.0,-0.03333333333333333,-0.002,-0.0037037037037037034,0.05029296875
93.147811,0,0,0.0,0.0,0.0,0.0,0.05517578125
94.147886,0,0,-0.03333333333333333,0.0,-0.002,0.0037037037037037034,0.05615234375
95.14806,0,0,0.016666666666666666,0.0,0.001,-0.0018518518518518517,0.05712890625
96.148062,0,0,-0.03333333333333333,0.0,-0.002,0.0037037037037037034,0.05908203125
97.148094,0,0,-0.03333333333333333,0.0,-0.002,0.0037037037037037034,0.06103515625
98.148189,0,0,0.0,0.0,0.0,0.0,0.06298828125
99.148201,1,1,0.016666666666666666,-0.016666666666666666,0.0,-0.0037037037037037034,0.06494140625
100.14827,0,0,0.016666666666666666,0.016666666666666666,0.002,0.0,0.06689453125
101.148299,0,0,-0.03333333333333333,0.0,-0.002,0.0037037037037037034,0.0688476711511612
102.148314,0,0,-0.03333333333333333,0.0,-0.002,0.0037037037037037034,0.04541015625
103.148392,0,0,-0.03333333333333333,0.0,-0.002,0.0037037037037037034,0.04541015625
104.148429,0,0,0.0,0.0,0.0,0.0,0.04541015625
105.148491,0,0,0.0,0.0,0.0,0.0,0.04541015625
106.1485,0,0,0.0,0.0,0.0,0.0,0.04541015625
107.148528,0,0,0.0,0.0,0.0,0.0,0.04541015625
108.148711,0,0,0.0,0.0,0.0,0.0,0.04541015625
109.148727,0,0,0.016666666666666666,0.0,0.001,-0.0018518518518518517,0.04541015625
110.148736,0,0,0.016666666666666666,0.0,0.001,-0.0018518518518518517,0.04541015625
111.148851,0,0,0.0,0.0,0.0,0.0,0.04541015625
112.150756,0,0,0.0,0.0,0.0,0.0,0.04541015625
113.151887,0,0,0.0,0.0,0.0,0.0,0.04541015625
114.153343,0,0,0.0,0.0,0.0,0.0,0.04541015625
115.154175,0,0,0.0,0.0,0.0,0.0,0.04541015625
116.163156,0,0,0.0,0.0,0.0,0.0,0.04541015625
117.163189,0,0,0.0,0.0,0.0,0.0,0.04541015625
118.163343,0,0,0.0,0.0,0.0,0.0,0.04541015625
119.163365,0,0,0.0,0.0,0.0,0.0,0.04541015625
120.163988,0,0,0.0,0.0,0.0,0.0,0.04541015625
121.164629,0,0,0.0,0.0,0.0,0.0,0.04541015625
122.165264,0,0,-0.016666666666666666,0.0,-0.001,0.0018518518518518517,0.04541015625
123.165589,0,0,0.0,0.0,0.0,0.0,0.04541015625
124.165709,0,0,0.0,0.0,0.0,0.0,0.04541015625
125.165879,0,0,0.03333333333333333,0.0,0.002,-0.0037037037037037034,0.04541015625
126.165939,0,0,-0.016666666666666666,-0.03333333333333333,-0.003,-0.0018518518518518517,0.04541015625
127.166781,0,0,-0.016666666666666666,0.03333333333333333,0.001,0.005555555555555555,0.04541015625
128.169359,0,0,0.016666666666666666,0.0,0.001,-0.0018518518518518517,0.04541015625
129.169609,0,0,0.016666666666666666,0.0,0.001,-0.0018518518518518517,0.04541015625
130.169762,0,0,0.0,0.0,0.0,0.0,0.04541015625
131.170062,0,0,0.0,-0.016666666666666666,-0.001,-0.0018518518518518517,0.04541015625
132.170073,0,0,0.03333333333333333,0.05,0.005,0.0018518518518518521,0.04541015625
133.170227,0,0,0.016666666666666666,0.016666666666666666,0.002,0.0,0.04541015625
134.170343,0,0,0.0,0.016666666666666666,0.001,0.0018518518518518517,0.04541015625
135.170345,0,0,0.0,0.0,0.0,0.0,0.04541015625
136.170555,0,0,0.0,0.0,0.0,0.0,0.04541015625
137.170645,0,0,0.0,0.0,0.0,0.0,0.04541015625
138.171311,0,0,0.0,0.0,0.0,0.0,0.04541015625
139.172007,0,0,0.03333333333333333,-0.016666666666666666,0.001,-0.005555555555555555,0.04541015625
140.172469,0,0,0.0,0.0,0.0,0.0,0.04541015625
141.172636,0,0,0.0,0.0,0.0,0.0,0.04541015625
142.17388,0,0,0.0,0.0,0.0,0.0,0.04541015625
143.174262,0,0,0.0,0.0,0.0,0.0,0.04541015625
144.174478,0,0,0.0,0.0,0.0,0.0,0.04541015625
145.174534,0,0,0.016666666666666666,0.0,0.001,-0.0018518518518518517,0.04541015625
146.174827,0,0,0.0,0.0,0.0,0.0,0.04541015625
147.17502,0,0,0.0,0.0,0.0,0.0,0.04541015625
148.175095,0,0,0.0,0.0,0.0,0.0,0.04541015625
149.175101,0,0,0.0,0.0,0.0,0.0,0.04541015625
150.175225,0,0,0.0,0.0,0.0,0.0,0.04541015625
151.175302,0,0,0.0,0.0,0.0,0.0,0.04541015625
152.175341,0,0,0.0,0.0,0.0,0.0,0.04541015625
153.175431,0,0,0.0,0.0,0.0,0.0,0.04541015625
154.17545,0,0,0.0,0.0,0.0,0.0,0.04541015625
155.175565,0,0,0.0,0.0,0.0,0.0,0.04541015625
156.175763,0,0,-0.016666666666666666,0.0,-0.001,0.0018518518518518517,0.04541015625
157.176762,0,0,0.0,0.0,0.0,0.0,0.04541015625
158.177378,0,0,0.0,0.0,0.0,0.0,0.04541015625
159.177678,0,0,0.0,0.0,0.0,0.0,0.04541015625
160.177846,0,0,0.0,0.0,0.0,0.0,0.04541015625
161.17797,0,0,0.0,0.0,0.0,0.0,0.04541015625
162.17801,0,0,0.0,0.0,0.0,0.0,0.04541015625
163.178128,0,0,0.0,0.0,0.0,0.0,0.04541015625
164.17814,0,0,0.0,0.0,0.0,0.0,0.04541015625
165.179155,0,0,0.0,0.0,0.0,0.0,0.04541015625
166.179894,0,0,0.0,0.0,0.0,0.0,0.04541015625
167.180278,0,0,0.0,0.0,0.0,0.0,0.04541015625
168.180296,0,0,0.0,0.0,0.0,0.0,0.04541015625
169.180407,0,0,0.0,0.0,0.0,0.0,0.04541015625
170.180454,0,0,0.0,0.0,0.0,0.0,0.04541015625
171.180534,0,0,0.0,0.0,0.0,0.0,0.04541015625
172.180602,0,0,0.0,0.0,0.0,0.0,0.04541015625
173.180768,0,0,0.0,0.0,0.0,0.0,0.04541015625
174.180882,0,0,0.0,0.0,0.0,0.0,0.04541015625
175.181546,0,0,0.0,0.0,0.0,0.0,0.04541015625
176.182151,0,0,0.0,0.0,0.0,0.0,0.04541015625
177.182515,0,0,0.0,0.0,0.0,0.0,0.04541015625
178.183,0,0,0.0,-0.05,-0.003,-0.005555555555555555,0.04541015625
179.184075,0,0,0.0,0.05,0.003,0.005555555555555555,0.04541015625
180.184247,0,0,0.0,0.0,0.0,0.0,0.04541015625
181.184469,0,0,0.0,0.0,0.0,0.0,0.04541015625
182.18509,0,0,0.0,0.0,0.0,0.0,0.04541015625
183.185326,0,0,0.016666666666666666,0.0,0.001,-0.0018518518518518517,0.04541015625
184.185388,0,0,0.0,0.0,0.0,0.0,0.04541015625
185.186257,0,0,0.016666666666666666,0.0,0.001,-0.0018518518518518517,0.04541015625
186.187145,0,0,-0.016666666666666666,0.016666666666666666,0.0,0.0037037037037037034,0.04541015625
187.187396,0,0,0.0,-0.03333333333333333,-0.002,-0.0037037037037037034,0.04541015625
188.187544,0,0,0.0,0.016666666666666666,0.001,0.0018518518518518517,0.04541015625
189.187679,0,0,0.0,0.016666666666666666,0.001,0.0018518518518518517,0.04541015625
190.188479,0,0,0.0,0.016666666666666666,0.001,0.0018518518518518517,0.04541015625
191.189014,0,0,-0.016666666666666666,0.016666666666666666,0.0,0.0037037037037037034,0.04541015625
192.189691,0,0,0.016666666666666666,-0.03333333333333333,-0.001,-0.005555555555555555,0.04541015625
193.189879,0,0,0.0,0.016666666666666666,0.001,0.0018518518518518517,0.04541015625
194.190882,0,0,-0.016666666666666666,-0.016666666666666666,-0.002,0.0,0.04541015625
195.191514,0,0,-0.03333333333333333,-0.016666666666666666,-0.003,0.0018518518518518517,0.04541015625
196.191889,0,0,0.0,0.0,0.0,0.0,0.04541015625
197.192089,0,0,-0.03333333333333333,0.03333333333333333,0.0,0.007407407407407407,0.04345703125
198.192163,0,0,0.03333333333333333,0.0,0.002,-0.0037037037037037034,0.04345703125
199.192256,0,0,0.0,0.0,0.0,0.0,0.04345703125
200.192613,0,0,0.0,0.0,0.0,0.0,0.04345703125
201.192689,0,0,0.0,0.0,0.0,0.0,0.04345703125
202.193307,0,0,0.0,0.0,0.0,0.0,0.04345703125
203.19341,0,0,0.0,0.0,0.0,0.0,0.04345703125
204.194567,0,0,-0.016666666666666666,0.0,-0.001,0.0018518518518518517,0.04345703125
205.194825,0,0,-0.016666666666666666,0.0,-0.001,0.0018518518518518517,0.04345703125
206.195886,0,0,0.0,-0.016666666666666666,-0.001,-0.0018518518518518517,0.0747070461511612
207.196474,0,0,0.0,0.0,0.0,0.0,0.0883789211511612
208.196843,0,0,0.0,0.0,0.0,0.0,0.0825195461511612
209.197039,0,0,0.0,0.0,0.0,0.0,0.05615234375
210.197316,0,0,0.0,0.0,0.0,0.0,0.05615234375
211.197656,0,0,0.0,0.0,0.0,0.0,0.05615234375
212.198302,0,0,0.0,0.0,0.0,0.0,0.05517578125
213.198912,0,0,0.0,0.0,0.0,0.0,0.05517578125
214.199126,0,0,0.0,0.0,0.0,0.0,0.05517578125
215.199153,0,0,0.0,0.0,0.0,0.0,0.05517578125
216.199411,1500,1500,0.8,0.85,0.09899999999999999,0.005555555555555547,0.06689453125
217.199467,-140,-140,4.283333333333333,5.1,0.563,0.0907407407407407,0.11474612355232239
218.199475,379,379,8.883333333333333,9.883333333333333,1.126,0.1111111111111111,0.18994146585464478
219.199649,624,624,11.483333333333333,13.0,1.469,0.1685185185185186,0.17041021585464478
220.20014,453,453,10.716666666666667,12.55,1.396,0.20370370370370375,0.22021493315696716
221.201411,307,307,14.066666666666666,17.683333333333334,1.905,0.40185185185185185,0.30029308795928955
222.201639,156,156,13.666666666666666,18.233333333333334,1.914,0.5074074074074075,0.3901368975639343
223.201699,166,166,13.483333333333333,17.816666666666666,1.8779999999999997,0.48148148148148145,0.32568374276161194
224.201779,163,163,13.833333333333334,17.116666666666667,1.8570000000000002,0.36481481481481476,0.24267587065696716
225.201807,180,180,15.366666666666667,16.7,1.9239999999999997,0.148148148148148,0.1264648735523224
226.201838,770,770,24.166666666666668,24.666666666666668,2.93,0.05555555555555555,0.0688476711511612
227.201957,-840,-840,27.483333333333334,27.65,3.308,0.018518518518518254,0.021972626447677612
228.201979,128,128,21.233333333333334,21.583333333333332,2.5689999999999995,0.038888888888888654,0.02587890625
229.202079,152,152,21.03333333333333,21.05,2.5249999999999995,0.0018518518518521412,0.0014648139476776123
230.202156,155,155,21.28333333333333,19.9,2.4709999999999996,-0.15370370370370362,-0.06787115335464478
231.202219,318,318,23.416666666666668,19.333333333333332,2.565,-0.45370370370370394,-0.21923840045928955
232.202227,274,274,25.416666666666668,19.883333333333333,2.7179999999999995,-0.6148148148148149,-0.2875978350639343
233.202351,221,221,26.383333333333333,19.75,2.768,-0.7370370370370369,-0.3471681475639343
234.202437,218,218,26.116666666666667,20.05,2.77,-0.674074074074074,-0.3002931475639343
235.202677,232,232,26.833333333333332,20.233333333333334,2.824,-0.7333333333333331,-0.3286134600639343
236.20273,226,226,26.849999999999998,20.983333333333334,2.8699999999999997,-0.6518518518518515,-0.2807618975639343
237.202771,195,195,25.316666666666666,24.15,2.968,-0.12962962962962973,-0.052246153354644775
238.202831,197,197,24.333333333333332,25.2,2.972,0.09629629629629634,0.03662109375
239.202905,191,191,24.666666666666668,25.266666666666666,2.996,0.06666666666666643,0.02783203125
240.202914,-286,-286,24.166666666666668,26.099999999999998,3.016,0.21481481481481443,0.0942382961511612
241.203383,0,0,17.433333333333334,19.016666666666666,2.1870000000000003,0.1759259259259258,0.10595706105232239
242.203999,-543,-543,16.5,19.566666666666666,2.1639999999999997,0.3407407407407407,0.21044930815696716
243.20469,-281,-281,8.433333333333334,10.133333333333333,1.1139999999999999,0.1888888888888888,0.22509774565696716
244.204942,-113,-113,3.4499999999999997,3.966666666666667,0.44499999999999995,0.05740740740740744,0.21728524565696716
245.205046,-17,-17,0.55,0.65,0.07200000000000001,0.011111111111111108,0.19970710575580597
246.205155,0,0,0.0,0.0,0.0,0.0,0.19970710575580597
247.205191,0,0,0.0,0.0,0.0,0.0,0.19580085575580597
248.205361,586,586,3.4833333333333334,4.116666666666666,0.45599999999999996,0.07037037037037032,0.18701177835464478
249.205489,1194,1194,2.3666666666666667,2.783333333333333,0.309,0.04629629629629628,0.19384773075580597
250.205531,-43,-43,1.3166666666666667,1.5666666666666667,0.173,0.027777777777777776,0.17626959085464478
251.205627,0,0,0.0,0.0,0.0,0.0,0.17724615335464478
252.205794,0,0,-0.016666666666666666,0.0,-0.001,0.0018518518518518517,0.17626959085464478
253.207011,0,0,0.0,0.0,0.0,0.0,0.17626959085464478
254.207618,0,0,0.016666666666666666,0.016666666666666666,0.002,0.0,0.17724615335464478
255.207651,0,0,-0.016666666666666666,-0.05,-0.004,-0.0037037037037037043,0.17724615335464478
256.207757,0,0,0.016666666666666666,0.016666666666666666,0.002,0.0,0.17724615335464478
257.207778,0,0,0.0,0.016666666666666666,0.001,0.0018518518518518517,0.17724615335464478
258.207822,0,0,0.016666666666666666,0.016666666666666666,0.002,0.0,0.17822271585464478
259.207999,0,0,0.0,0.016666666666666666,0.001,0.0018518518518518517,0.17822271585464478
260.208131,0,0,0.0,-0.03333333333333333,-0.002,-0.0037037037037037034,0.17724615335464478
261.208208,0,0,-0.03333333333333333,0.016666666666666666,-0.001,0.005555555555555555,0.17822271585464478
262.208295,0,0,0.0,-0.05,-0.003,-0.005555555555555555,0.17822271585464478
263.209013,0,0,0.03333333333333333,0.0,0.002,-0.0037037037037037034,0.17822271585464478
264.209314,0,0,0.0,0.0,0.0,0.0,0.17919927835464478
265.210266,0,0,0.0,0.0,0.0,0.0,0.17919927835464478
266.210526,0,0,0.0,0.016666666666666666,0.001,0.0018518518518518517,0.17919927835464478
267.210635,0,0,-0.016666666666666666,0.016666666666666666,0.0,0.0037037037037037034,0.18310552835464478
268.210728,0,0,0.0,0.016666666666666666,0.001,0.0018518518518518517,0.18017584085464478
269.210744,0,0,0.0,0.0,0.0,0.0,0.18017584085464478
270.211107,0,0,0.0,0.0,0.0,0.0,0.18115240335464478
271.213219,0,0,-0.03333333333333333,0.016666666666666666,-0.001,0.005555555555555555,0.18115240335464478
272.213695,0,0,0.0,0.016666666666666666,0.001,0.0018518518518518517,0.18115240335464478
273.214264,0,0,0.0,0.016666666666666666,0.001,0.0018518518518518517,0.17431646585464478
274.21486,0,0,-0.016666666666666666,0.0,-0.001,0.0018518518518518517,0.18017584085464478
275.215583,0,0,-0.016666666666666666,0.0,-0.001,0.0018518518518518517,0.17431646585464478
276.216362,0,0,-0.016666666666666666,-0.05,-0.004,-0.0037037037037037043,0.18212896585464478
277.216785,0,0,0.0,0.0,0.0,0.0,0.17431646585464478
278.216833,0,0,0.0,0.016666666666666666,0.001,0.0018518518518518517,0.17431646585464478
279.217059,0,0,0.0,0.016666666666666666,0.001,0.0018518518518518517,0.17431646585464478
280.217114,0,0,0.0,0.0,0.0,0.0,0.17431646585464478
281.217206,0,0,0.0,-0.03333333333333333,-0.002,-0.0037037037037037034,0.16650396585464478
282.217246,0,0,0.0,-0.03333333333333333,-0.002,-0.0037037037037037034,0.17236334085464478
283.217252,0,0,0.0,-0.03333333333333333,-0.002,-0.0037037037037037034,0.17236334085464478
284.217266,0,0,0.0,0.016666666666666666,0.001,0.0018518518518518517,0.17333990335464478
285.217435,0,0,0.0,0.016666666666666666,0.001,0.0018518518518518517,0.17626959085464478
286.217482,0,0,0.0,-0.03333333333333333,-0.002,-0.0037037037037037034,0.17626959085464478
287.217488,0,0,0.0,0.0,0.0,0.0,0.17333990335464478
288.217617,0,0,0.0,-0.03333333333333333,-0.002,-0.0037037037037037034,0.17333990335464478
289.217653,0,0,0.0,0.016666666666666666,0.001,0.0018518518518518517,0.17333990335464478
290.217782,0,0,0.0,0.016666666666666666,0.001,0.0018518518518518517,0.17333990335464478
291.217833,0,0,0.0,0.016666666666666666,0.001,0.0018518518518518517,0.17333990335464478
292.217911,0,0,0.0,0.016666666666666666,0.001,0.0018518518518518517,0.17333990335464478
293.217929,0,0,0.0,-0.03333333333333333,-0.002,-0.0037037037037037034,0.17333990335464478
294.218397,0,0,0.0,0.016666666666666666,0.001,0.0018518518518518517,0.17333990335464478
295.219012,0,0,0.0,0.0,0.0,0.0,0.17333990335464478
296.21967,0,0,0.03333333333333333,0.0,0.002,-0.0037037037037037034,0.17333990335464478
297.220054,0,0,-0.016666666666666666,0.0,-0.001,0.0018518518518518517,0.17333990335464478
298.220236,0,0,0.0,0.0,0.0,0.0,0.17333990335464478
299.220239,0,0,0.0,0.0,0.0,0.0,0.18701177835464478
300.220405,500,500,3.4,4.016666666666667,0.44499999999999995,0.0685185185185185,0.20458991825580597
301.220492,371,371,7.333333333333333,8.7,0.9619999999999999,0.1518518518518518,0.21630868315696716
302.220583,313,313,10.533333333333333,12.55,1.385,0.22407407407407415,0.21630868315696716
303.220718,336,336,12.6,15.35,1.6769999999999998,0.3055555555555555,0.24755869805812836
304.220736,415,415,15.9,19.65,2.1329999999999996,0.41666666666666646,0.28076183795928955
305.220772,139,139,15.366666666666667,20.5,2.152,0.5703703703703702,0.3666993975639343
306.220842,208,208,14.933333333333334,20.03333333333333,2.098,0.5666666666666664,0.35888686776161194
307.220928,296,296,16.833333333333332,20.85,2.261,0.4462962962962966,0.25732433795928955
308.221124,388,388,20.866666666666667,22.933333333333334,2.6279999999999997,0.2296296296296296,0.12060549855232239
309.221202,309,309,24.116666666666667,25.166666666666668,2.957,0.11666666666666674,0.05517578125
310.221622,373,373,28.216666666666665,28.466666666666665,3.401,0.027777777777777776,-0.0014648735523223877
311.222516,307,307,30.583333333333332,30.4,3.659,-0.020370370370370393,0.02783203125
312.222641,-136,-136,31.383333333333333,29.483333333333334,3.6519999999999997,-0.21111111111111092,-0.049316465854644775
313.22321,172,172,31.066666666666666,24.833333333333332,3.3539999999999996,-0.6925925925925926,-0.2719728350639343
314.223588,193,193,30.566666666666666,23.966666666666665,3.272,-0.7333333333333334,-0.3032228350639343
315.223741,206,206,30.65,22.833333333333332,3.209,-0.8685185185185184,-0.3237306475639343
316.224311,479,479,30.366666666666667,24.016666666666666,3.263,-0.7055555555555556,-0.3100587725639343
317.225021,522,522,36.11666666666667,27.849999999999998,3.838,-0.9185185185185187,-0.2729493975639343
318.22553,-262,-262,31.9,31.55,3.807,-0.038888888888888654,0.010253876447677612
319.225579,91,91,26.516666666666666,27.099999999999998,3.2169999999999996,0.06481481481481467,0.05712890625
320.225714,119,119,25.633333333333333,25.916666666666668,3.0929999999999995,0.03148148148148166,0.03955078125
321.22574,339,339,26.683333333333334,29.916666666666668,3.396,0.35925925925925933,0.15185551345348358
322.225915,31,31,26.3,30.216666666666665,3.391,0.4351851851851849,0.17138677835464478
323.225932,108,108,22.816666666666666,27.349999999999998,3.01,0.5037037037037034,0.21728524565696716
324.22605,452,452,24.133333333333333,29.53333333333333,3.2199999999999998,0.5999999999999998,0.24853526055812836
325.226052,342,342,25.733333333333334,32.95,3.521,0.801851851851852,0.30615246295928955
326.22606,561,561,27.15,35.5,3.759,0.9277777777777779,0.34228530526161194
327.22619,437,437,33.03333333333333,37.583333333333336,4.237,0.505555555555556,0.14111332595348358
328.226281,437,437,35.13333333333333,35.93333333333333,4.263999999999999,0.08888888888888856,0.03173828125
329.226361,-796,-796,26.366666666666667,26.583333333333332,3.177,0.024074074074073887,0.013183563947677612
330.226598,0,0,0.016666666666666666,4.216666666666667,0.254,0.4666666666666666,-0.0034179985523223877
331.226836,0,0,0.03333333333333333,-0.016666666666666666,0.001,-0.005555555555555555,-0.006347686052322388
332.227341,897,897,0.03333333333333333,0.0,0.002,-0.0037037037037037034,-0.008300811052322388
333.227966,596,596,5.216666666666667,5.3,0.6309999999999999,0.009259259259259226,0.0014648139476776123
334.228489,1006,1006,16.666666666666668,16.35,1.9809999999999999,-0.03518518518518516,-0.011230498552322388
335.228581,269,269,21.85,20.03333333333333,2.513,-0.2018518518518522,-0.10205087065696716
336.228656,41,41,23.53333333333333,18.633333333333333,2.53,-0.5444444444444443,-0.24462908506393433
337.228794,-454,-454,17.0,13.299999999999999,1.8179999999999998,-0.4111111111111112,-0.2827150225639343
338.228847,428,428,14.666666666666666,10.95,1.537,-0.4129629629629629,-0.3295900225639343
339.228879,646,646,18.05,13.766666666666666,1.9089999999999998,-0.4759259259259261,-0.3393556475639343
340.22902,529,529,24.5,19.35,2.631,-0.572222222222222,-0.2719728350639343
341.229106,395,395,29.183333333333334,21.433333333333334,3.037,-0.861111111111111,-0.3608400821685791
342.229988,273,273,29.849999999999998,24.916666666666668,3.286,-0.5481481481481477,-0.21826183795928955
343.230769,122,122,27.4,26.833333333333332,3.254,-0.06296296296296293,0.018066376447677612
344.23112,147,147,26.116666666666667,26.666666666666668,3.167,0.061111111111111185,0.02978515625
345.231273,68,68,24.966666666666665,25.483333333333334,3.027,0.05740740740740769,0.037597641348838806
346.231307,105,105,22.8,25.266666666666666,2.8839999999999995,0.27407407407407386,0.14599613845348358
347.231323,139,139,21.633333333333333,24.466666666666665,2.7659999999999996,0.31481481481481466,0.18701177835464478
348.231362,152,152,20.883333333333333,24.066666666666666,2.697,0.3537037037037037,0.18505865335464478
349.231452,173,173,19.866666666666667,24.116666666666667,2.639,0.4722222222222222,0.22998055815696716
350.231476,245,245,20.233333333333334,24.883333333333333,2.707,0.5166666666666665,0.24853526055812836
351.231622,228,228,20.416666666666668,25.833333333333332,2.775,0.6018518518518515,0.29931652545928955
352.231673,230,230,19.8,26.316666666666666,2.767,0.7240740740740739,0.3735353350639343
353.231744,6,6,19.05,22.85,2.5140000000000002,0.4222222222222223,0.23486337065696716
354.231819,-39,-39,17.016666666666666,19.05,2.1639999999999997,0.22592592592592609,0.12451174855232239
355.231939,0,0,19.95,20.566666666666666,2.431,0.06851851851851856,0.05322265625
356.232398,0,0,17.466666666666665,17.866666666666667,2.1199999999999997,0.044444444444444675,0.03271484375
357.23305,867,867,21.28333333333333,21.35,2.558,0.007407407407407775,0.010253876447677612
358.233685,609,609,29.566666666666666,29.666666666666668,3.554,0.011111111111111268,0.0024413764476776123
359.234046,631,631,29.966666666666665,27.966666666666665,3.4759999999999995,-0.2222222222222222,-0.062011778354644775
360.234075,-589,-589,36.88333333333333,28.516666666666666,3.9240000000000004,-0.9296296296296296,-0.2885743975639343
361.234176,-909,-909,34.666666666666664,26.066666666666666,3.644,-0.9555555555555553,-0.3217775225639343
362.234198,578,578,34.06666666666666,27.2,3.6759999999999997,-0.7629629629629625,-0.2875978350639343
363.234296,663,663,32.2,23.7,3.354,-0.9444444444444449,-0.3657228946685791
364.234316,497,497,35.916666666666664,30.916666666666668,4.01,-0.5555555555555551,-0.18115246295928955
365.234441,381,381,36.666666666666664,37.7,4.462000000000001,0.11481481481481538,0.03564453125
366.234537,315,315,39.05,40.06666666666666,4.746999999999999,0.11296296296296285,0.03271484375
367.235349,370,370,31.75,36.43333333333333,4.091,0.5203703703703699,0.17236334085464478
368.23598,-1003,-1003,31.25,35.71666666666667,4.018,0.4962962962962965,0.16650396585464478
369.236598,487,487,30.78333333333333,36.78333333333333,4.053999999999999,0.6666666666666666,0.22314462065696716
370.236733,-381,-381,27.53333333333333,34.333333333333336,3.7119999999999997,0.755555555555556,0.27197277545928955
371.236788,582,582,26.4,35.1,3.69,0.9666666666666669,0.3715822100639343
372.236833,445,445,32.46666666666667,38.13333333333333,4.236,0.6296296296296293,0.21142587065696716
373.236908,-1102,-1102,36.31666666666666,36.96666666666667,4.396999999999999,0.07222222222222285,0.04150390625
374.236973,570,570,31.333333333333332,31.066666666666666,3.7439999999999998,-0.02962962962962952,0.007324188947677612
375.237031,451,451,30.433333333333334,29.95,3.6229999999999998,-0.05370370370370381,0.0024413764476776123
376.237193,146,146,32.28333333333333,28.95,3.674,-0.37037037037037024,-0.10693368315696716
377.237705,155,155,32.916666666666664,25.916666666666668,3.53,-0.7777777777777772,-0.2778322100639343
378.238324,0,0,0.016666666666666666,-0.016666666666666666,0.0,-0.0037037037037037034,-0.3344728350639343
379.238792,0,0,-0.13333333333333333,-0.016666666666666666,-0.009,0.012962962962962963,-0.3588869571685791
380.2393,1146,1146,13.616666666666667,10.1,1.423,-0.3907407407407408,-0.3325197100639343
381.23937,801,801,25.95,20.6,2.7929999999999997,-0.5944444444444441,-0.2670900225639343
382.239456,289,289,30.8,23.083333333333332,3.2329999999999997,-0.8574074074074075,-0.3354493975639343
383.2395,578,578,33.81666666666666,27.616666666666667,3.6859999999999995,-0.6888888888888883,-0.23583996295928955
384.239581,424,424,35.93333333333333,35.75,4.301,-0.020370370370369997,0.007324188947677612
385.239659,348,348,38.166666666666664,38.88333333333333,4.622999999999999,0.07962962962962984,0.03173828125
386.239662,294,294,37.5,42.86666666666667,4.822,0.5962962962962963,0.17236334085464478
387.239707,-1054,-1054,32.21666666666667,37.9,4.207000000000001,0.6314814814814811,0.18408209085464478
388.239838,-829,-829,28.15,34.21666666666667,3.742,0.6740740740740744,0.23583993315696716
389.239896,-531,-531,27.566666666666666,34.71666666666667,3.7369999999999997,0.7944444444444446,0.27001965045928955
390.239907,508,508,28.116666666666667,37.65,3.9459999999999997,1.059259259259259,0.3813478350639343
391.239943,408,408,33.96666666666667,38.8,4.366,0.5370370370370364,0.16357427835464478
392.240068,323,323,38.983333333333334,39.416666666666664,4.704,0.048148148148147774,0.02685546875
393.240102,-520,-520,32.43333333333333,32.96666666666667,3.9240000000000004,0.05925925925925984,0.011230438947677612
394.24022,-215,-215,24.466666666666665,24.116666666666667,2.9149999999999996,-0.038888888888888654,-0.013183623552322388
395.24028,0,0,0.016666666666666666,7.8999999999999995,0.4749999999999999,0.8759259259259258,-0.12646493315696716
396.240316,545,545,4.0,3.533333333333333,0.45199999999999996,-0.051851851851851864,-0.13525399565696716
397.24036,399,399,9.25,7.916666666666667,1.03,-0.14814814814814808,-0.16259777545928955
398.240362,306,306,12.816666666666666,10.483333333333333,1.3979999999999997,-0.2592592592592593,-0.22705090045928955
399.240486,237,237,15.083333333333334,11.916666666666666,1.6199999999999999,-0.3518518518518519,-0.2602540850639343
400.24056,-224,-224,17.85,13.866666666666667,1.903,-0.44259259259259265,-0.2915040850639343
401.240612,174,174,16.566666666666666,12.266666666666666,1.7299999999999998,-0.47777777777777775,-0.3481447100639343
402.240617,333,333,19.35,14.566666666666666,2.035,-0.5314814814814816,-0.3315431475639343
403.240724,240,240,20.566666666666666,16.133333333333333,2.202,-0.4925925925925926,-0.2778322100639343
404.240741,222,222,21.766666666666666,16.133333333333333,2.274,-0.6259259259259258,-0.3559572696685791
405.240919,202,202,21.583333333333332,17.766666666666666,2.3609999999999998,-0.424074074074074,-0.22607433795928955
406.241069,172,172,21.116666666666667,20.1,2.473,-0.11296296296296285,-0.053222715854644775
407.241193,775,775,0.13333333333333333,0.6333333333333333,0.04599999999999999,0.05555555555555555,0.0014648139476776123
408.243102,553,553,7.583333333333333,7.783333333333333,0.922,0.02222222222222224,0.05615234375
409.243108,356,356,12.133333333333333,12.6,1.484,0.051851851851851864,0.05517578125
410.243237,280,280,15.066666666666666,15.066666666666666,1.8079999999999998,0.0,0.010253876447677612
411.243263,249,249,16.683333333333334,16.866666666666667,2.013,0.020370370370370393,0.02587890625
412.243284,512,512,19.916666666666668,21.116666666666667,2.4619999999999997,0.13333333333333325,0.0883789211511612
413.243399,335,335,22.6,25.916666666666668,2.911,0.36851851851851847,0.17138677835464478
414.243411,103,103,23.15,26.733333333333334,2.993,0.39814814814814836,0.17822271585464478
415.243426,134,134,21.883333333333333,26.0,2.8729999999999998,0.45740740740740743,0.20556648075580597
416.243429,154,154,20.7,25.583333333333332,2.7769999999999997,0.5425925925925925,0.26025402545928955
417.24358,162,162,20.35,25.483333333333334,2.75,0.5703703703703702,0.27490246295928955
418.243677,227,227,17.816666666666666,23.7,2.4909999999999997,0.6537037037037037,0.3676759600639343
419.243727,211,211,18.8,24.016666666666666,2.5689999999999995,0.5796296296296294,0.29931652545928955
420.243871,750,750,23.35,26.633333333333333,2.999,0.36481481481481454,0.16259771585464478
421.244046,532,532,31.916666666666668,32.68333333333333,3.8759999999999994,0.08518518518518468,0.04541015625
422.244091,409,409,36.4,36.21666666666667,4.357,-0.020370370370369997,0.0034179389476776123
423.244138,329,329,39.233333333333334,39.05,4.697,-0.02037037037037079,0.005371063947677612
424.244875,291,291,43.733333333333334,36.7,4.826,-0.7814814814814812,-0.21923840045928955
425.245505,452,452,39.35,30.483333333333334,4.19,-0.9851851851851852,-0.3012697100639343
426.246158,498,498,37.68333333333333,29.099999999999998,4.007,-0.9537037037037035,-0.2631837725639343
427.246205,422,422,41.4,30.4,4.308,-1.222222222222222,-0.3852541446685791
428.246264,341,341,40.25,37.0,4.635,-0.3611111111111111,-0.07373052835464478
429.246402,287,287,39.833333333333336,40.6,4.826,0.08518518518518507,0.04150390625
430.247415,-451,-451,31.766666666666666,33.833333333333336,3.9359999999999995,0.22962962962962996,0.0805664211511612
431.248084,-110,-110,23.85,27.633333333333333,3.089,0.4203703703703701,0.18115240335464478
432.249894,-1,-1,20.633333333333333,23.566666666666666,2.652,0.32592592592592595,0.18798834085464478
433.249904,361,361,20.35,23.916666666666668,2.6559999999999997,0.3962962962962962,0.20849618315696716
434.250345,232,232,24.916666666666668,30.3,3.313,0.598148148148148,0.25146493315696716
435.250682,551,551,27.599999999999998,35.56666666666666,3.789999999999999,0.8851851851851849,0.31494152545928955
436.25085,464,464,30.45,38.65,4.146,0.911111111111111,0.33935561776161194
437.251759,365,365,36.13333333333333,39.78333333333333,4.554999999999999,0.4055555555555554,0.12060549855232239
438.252065,298,298,40.016666666666666,40.11666666666667,4.807999999999999,0.011111111111111268,0.015136688947677612
439.252848,252,252,42.05,41.13333333333333,4.991,-0.10185185185185158,-0.013183623552322388
440.253054,-753,-753,40.38333333333333,35.333333333333336,4.543,-0.5611111111111108,-0.14599618315696716
441.253156,428,428,40.166666666666664,31.383333333333333,4.292999999999999,-0.9759259259259258,-0.2993165850639343
442.253172,461,461,38.516666666666666,28.95,4.048,-1.0629629629629629,-0.3315431475639343
443.253179,405,405,41.18333333333333,31.78333333333333,4.378,-1.0444444444444443,-0.3637697696685791
444.253368,348,348,41.25,35.516666666666666,4.606,-0.6370370370370371,-0.13330087065696716
445.253415,-671,-671,30.4,31.766666666666666,3.7299999999999995,0.1518518518518519,0.05810546875
446.253586,-56,-56,19.833333333333332,20.28333333333333,2.4069999999999996,0.04999999999999992,0.04248046875
447.253656,110,110,18.2,19.183333333333334,2.243,0.10925925925925935,0.05517578125
448.253674,127,127,17.15,19.3,2.1870000000000003,0.2388888888888891,0.14990238845348358
449.25372,-372,-372,15.383333333333333,16.866666666666667,1.9349999999999998,0.1648148148148149,0.14599613845348358
450.253722,0,0,12.15,12.016666666666666,1.4499999999999997,-0.01481481481481496,0.0014648139476776123
451.253985,0,0,9.85,9.583333333333334,1.166,-0.02962962962962952,-0.024902373552322388
452.254617,0,0,7.616666666666666,7.25,0.892,-0.04074074074074069,-0.036621153354644775
453.255347,0,0,5.55,5.283333333333333,0.6499999999999999,-0.02962962962962962,-0.040527403354644775
454.255742,0,0,2.8,3.8333333333333335,0.39799999999999996,0.11481481481481484,0.3979493975639343
455.255907,0,0,1.2166666666666666,1.6833333333333333,0.174,0.051851851851851864,0.3920900225639343
456.255924,0,0,-0.05,0.0,-0.003,0.005555555555555555,0.33837905526161194
457.255949,0,0,0.0,0.05,0.003,0.005555555555555555,0.33642593026161194
458.25612,0,0,0.0,0.0,0.0,0.0,0.33642593026161194
459.256129,0,0,0.03333333333333333,0.016666666666666666,0.003,-0.0018518518518518517,0.33544936776161194
460.256197,0,0,-0.016666666666666666,0.016666666666666666,0.0,0.0037037037037037034,0.33544936776161194
461.256344,0,0,0.03333333333333333,0.016666666666666666,0.003,-0.0018518518518518517,0.33544936776161194
462.256859,0,0,0.0,0.0,0.0,0.0,0.33544936776161194
463.257605,0,0,0.0,0.0,0.0,0.0,0.33544936776161194
464.258294,0,0,0.03333333333333333,-0.016666666666666666,0.001,-0.005555555555555555,0.33447280526161194
465.258502,0,0,-0.016666666666666666,0.0,-0.001,0.0018518518518518517,0.33447280526161194
466.258592,0,0,0.0,0.0,0.0,0.0,0.33447280526161194
467.258802,0,0,0.0,0.0,0.0,0.0,0.33447280526161194
468.258818,0,0,0.0,0.016666666666666666,0.001,0.0018518518518518517,0.33447280526161194
469.260094,0,0,0.0,0.0,0.0,0.0,0.33447280526161194
470.260664,0,0,0.0,0.0,0.0,0.0,0.33447280526161194
471.260817,0,0,0.0,0.0,0.0,0.0,0.33447280526161194
472.260848,0,0,0.0,-0.05,-0.003,-0.005555555555555555,0.33447280526161194
473.26087,0,0,0.0,0.016666666666666666,0.001,0.0018518518518518517,0.33447280526161194
474.260888,0,0,0.0,0.0,0.0,0.0,0.33447280526161194
475.261086,0,0,0.0,0.0,0.0,0.0,0.33447280526161194
476.261198,0,0,0.0,-0.03333333333333333,-0.002,-0.0037037037037037034,0.33447280526161194
477.261318,0,0,0.016666666666666666,0.016666666666666666,0.002,0.0,0.33447280526161194
478.261866,0,0,0.0,0.03333333333333333,0.002,0.0037037037037037034,0.33447280526161194
479.262465,0,0,-0.03333333333333333,0.03333333333333333,0.0,0.007407407407407407,0.33447280526161194
480.263092,0,0,0.0,0.0,0.0,0.0,0.33447280526161194
481.263393,0,0,0.0,-0.016666666666666666,-0.001,-0.0018518518518518517,0.33447280526161194
482.263578,0,0,0.11666666666666667,0.13333333333333333,0.015,0.0018518518518518513,0.33154311776161194
483.263636,0,0,0.03333333333333333,0.08333333333333333,0.007,0.005555555555555555,0.32763686776161194
484.263683,0,0,-0.016666666666666666,0.0,-0.001,0.0018518518518518517,0.32666030526161194
485.263776,0,0,0.0,0.0,0.0,0.0,0.32568374276161194
486.263812,0,0,0.15,0.16666666666666666,0.019,0.0018518518518518513,0.32275405526161194
487.263883,0,0,-2.1166666666666667,-3.0666666666666664,-0.311,-0.10555555555555551,0.4272462725639343
488.263888,0,0,-4.333333333333333,-5.25,-0.575,-0.10185185185185187,0.21728524565696716
489.263938,0,0,-4.733333333333333,-5.0,-0.5840000000000001,-0.02962962962962962,0.05517578125
490.263989,0,0,-4.766666666666667,-4.516666666666667,-0.5569999999999999,0.027777777777777776,-0.062011778354644775
491.264035,0,0,-5.216666666666667,-4.216666666666667,-0.566,0.1111111111111111,-0.2524415850639343
492.264194,0,0,-3.3666666666666667,-2.8666666666666667,-0.374,0.05555555555555555,-0.16748058795928955
493.264292,0,0,-1.3,-1.1166666666666667,-0.14500000000000002,0.020370370370370372,-0.12548837065696716
494.265323,0,0,0.016666666666666666,0.0,0.001,-0.0018518518518518517,-0.12158212065696716
495.265914,0,0,-0.06666666666666667,0.03333333333333333,-0.002,0.01111111111111111,-0.12158212065696716
496.266375,0,0,0.1,0.16666666666666666,0.016,0.007407407407407405,-0.11572274565696716
497.266414,0,0,0.03333333333333333,0.0,0.002,-0.0037037037037037034,-0.10791024565696716
498.266615,0,0,0.0,-0.03333333333333333,-0.002,-0.0037037037037037034,-0.10986337065696716
499.267113,0,0,-0.06666666666666667,-0.08333333333333333,-0.009,-0.0018518518518518513,-0.11083993315696716
500.267742,0,0,0.0,-0.016666666666666666,-0.001,-0.0018518518518518517,-0.11572274565696716
501.267831,1,1,-0.2,0.1,-0.006,0.03333333333333333,0.03369140625
502.268476,1241,1241,7.6,10.216666666666667,1.069,0.2907407407407408,0.36279311776161194
503.268896,855,855,19.15,23.833333333333332,2.579,0.5203703703703704,0.27490246295928955
504.268966,607,607,27.183333333333334,32.28333333333333,3.568,0.5666666666666664,0.24365243315696716
505.269049,470,470,30.016666666666666,38.583333333333336,4.116,0.9518518518518522,0.32666030526161194
506.26915,0,0,30.716666666666665,38.916666666666664,4.177999999999999,0.911111111111111,0.29345715045928955
507.269173,401,401,35.03333333333333,38.31666666666666,4.401,0.36481481481481454,0.09912112355232239
508.269188,317,317,39.2,39.516666666666666,4.723,0.03518518518518476,0.014160126447677612
509.269287,267,267,41.2,41.166666666666664,4.942,-0.0037037037037042824,0.007324188947677612
510.269354,251,251,44.4,38.8,4.991999999999999,-0.6222222222222223,-0.14404305815696716
511.269362,288,288,45.38333333333333,35.416666666666664,4.848,-1.1074074074074074,-0.2983400225639343
512.269471,295,295,44.25,35.46666666666667,4.783,-0.9759259259259258,-0.2592775225639343
513.26957,315,315,45.63333333333333,33.06666666666666,4.7219999999999995,-1.3962962962962966,-0.3930666446685791
514.269767,-1196,-1196,39.95,39.81666666666666,4.786,-0.01481481481481555,-0.004394561052322388
515.270615,287,287,28.233333333333334,29.816666666666666,3.4829999999999997,0.1759259259259258,0.05517578125
516.271322,490,490,33.2,34.75,4.077,0.1722222222222219,0.06689453125
517.271807,462,462,31.95,37.35,4.1579999999999995,0.6000000000000002,0.17236334085464478
518.272477,0,0,0.0,17.216666666666665,1.033,1.9129629629629628,0.038574203848838806
519.273139,0,0,-0.06666666666666667,-0.06666666666666667,-0.008,0.0,0.009277313947677612
520.273706,0,0,0.0,0.03333333333333333,0.002,0.0037037037037037034,0.009277313947677612
521.273797,0,0,-0.016666666666666666,-0.016666666666666666,-0.002,0.0,0.04443359375
522.27393,0,0,0.03333333333333333,0.0,0.002,-0.0037037037037037034,0.23193368315696716
523.2741,0,0,0.0,0.0,0.0,0.0,0.29150402545928955
524.274146,0,0,0.0,-0.03333333333333333,-0.002,-0.0037037037037037034,0.28955090045928955
525.274173,0,0,0.016666666666666666,-0.016666666666666666,0.0,-0.0037037037037037034,0.28955090045928955
526.274265,0,0,-0.016666666666666666,0.016666666666666666,0.0,0.0037037037037037034,0.28857433795928955
527.274315,0,0,0.0,-0.016666666666666666,-0.001,-0.0018518518518518517,0.28857433795928955
528.274664,0,0,0.03333333333333333,0.016666666666666666,0.003,-0.0018518518518518517,0.30419933795928955
529.275479,0,0,0.13333333333333333,0.18333333333333332,0.019,0.005555555555555554,0.4663088023662567
530.276102,0,0,-0.03333333333333333,-0.016666666666666666,-0.003,0.0018518518518518517,0.4194337725639343
531.276424,0,0,0.0,-0.016666666666666666,-0.001,-0.0018518518518518517,0.4174806475639343
532.276577,0,0,0.0,-0.016666666666666666,-0.001,-0.0018518518518518517,0.4174806475639343
533.276756,0,0,0.0,0.03333333333333333,0.002,0.0037037037037037034,0.4165040850639343
534.277324,0,0,0.016666666666666666,0.0,0.001,-0.0018518518518518517,0.4165040850639343
535.277916,0,0,0.016666666666666666,0.0,0.001,-0.0018518518518518517,0.0708007961511612
536.278232,0,0,0.0,-0.05,-0.003,-0.005555555555555555,0.31591808795928955
537.278771,0,0,0.0,0.0,0.0,0.0,0.31396496295928955
538.278858,0,0,0.03333333333333333,0.016666666666666666,0.003,-0.0018518518518518517,0.31298840045928955
539.279162,0,0,-0.06666666666666667,-0.05,-0.007,0.0018518518518518513,0.31005871295928955
540.2798,0,0,0.0,0.0,0.0,0.0,0.31005871295928955
541.280483,0,0,0.0,0.05,0.003,0.005555555555555555,0.31005871295928955
542.280887,0,0,0.0,-0.016666666666666666,-0.001,-0.0018518518518518517,0.31005871295928955
543.281164,0,0,0.0,-0.016666666666666666,-0.001,-0.0018518518518518517,0.31005871295928955
544.28119,0,0,0.0,0.0,0.0,0.0,0.31005871295928955
545.281498,0,0,0.016666666666666666,0.0,0.001,-0.0018518518518518517,0.31884777545928955
546.281519,0,0,0.0,0.0,0.0,0.0,0.31298840045928955
547.28157,0,0,0.0,0.0,0.0,0.0,0.31201183795928955
548.28159,0,0,-0.05,-0.05,-0.006,0.0,0.31103527545928955
549.281641,0,0,0.0,-0.016666666666666666,-0.001,-0.0018518518518518517,0.31005871295928955
550.281671,0,0,0.35,0.4666666666666667,0.048999999999999995,0.012962962962962966,0.29541027545928955
551.281963,0,0,0.0,0.0,0.0,0.0,0.28271496295928955
552.282077,0,0,0.05,0.05,0.006,0.0,0.28857433795928955
553.2821,0,0,0.0,0.016666666666666666,0.001,0.0018518518518518517,0.5307619571685791
554.283042,0,0,0.9,1.2833333333333332,0.13099999999999998,0.04259259259259257,0.4291993975639343
555.283298,0,0,1.3666666666666667,1.9166666666666667,0.19699999999999998,0.06111111111111111,0.3793947100639343
556.283939,0,0,0.0,0.016666666666666666,0.001,0.0018518518518518517,0.32958999276161194
557.284112,0,0,0.0,-0.03333333333333333,-0.002,-0.0037037037037037034,0.32275405526161194
558.284117,0,0,0.0,0.0,0.0,0.0,0.32275405526161194
559.284149,0,0,0.0,0.0,0.0,0.0,0.32275405526161194
560.284267,0,0,0.0,0.0,0.0,0.0,0.32275405526161194
561.284288,0,0,0.0,0.0,0.0,0.0,0.32275405526161194
562.284453,0,0,0.0,0.0,0.0,0.0,0.32275405526161194
563.285079,0,0,-0.016666666666666666,0.0,-0.001,0.0018518518518518517,0.32275405526161194
564.285689,0,0,0.0,0.0,0.0,0.0,0.32275405526161194
565.286318,0,0,0.0,0.0,0.0,0.0,0.32275405526161194
566.286618,0,0,0.0,0.0,0.0,0.0,0.32275405526161194
567.286652,0,0,0.0,0.0,0.0,0.0,0.32275405526161194
568.286734,0,0,0.03333333333333333,0.0,0.002,-0.0037037037037037034,0.32275405526161194
569.286911,0,0,-0.016666666666666666,0.0,-0.001,0.0018518518518518517,0.32275405526161194
570.286918,0,0,-0.03333333333333333,-0.016666666666666666,-0.003,0.0018518518518518517,0.32275405526161194
571.287453,0,0,0.0,0.03333333333333333,0.002,0.0037037037037037034,0.32275405526161194
572.288053,0,0,0.016666666666666666,-0.05,-0.0020000000000000005,-0.007407407407407407,0.32275405526161194
573.288435,0,0,0.0,0.0,0.0,0.0,0.32275405526161194
574.289139,0,0,0.0,0.0,0.0,0.0,0.32275405526161194
575.289335,0,0,0.0,0.0,0.0,0.0,0.32275405526161194
576.28946,0,0,0.0,0.0,0.0,0.0,0.32275405526161194
577.28995,0,0,0.0,0.0,0.0,0.0,0.32275405526161194
578.29057,0,0,0.0,0.0,0.0,0.0,0.32275405526161194
579.29062,0,0,0.0,0.0,0.0,0.0,0.32275405526161194
580.291248,0,0,0.0,0.0,0.0,0.0,0.32275405526161194
581.291249,0,0,0.0,0.0,0.0,0.0,0.32275405526161194
582.291581,0,0,0.0,0.0,0.0,0.0,0.32275405526161194
583.29161,0,0,0.0,0.0,0.0,0.0,0.32275405526161194
584.291685,0,0,0.0,0.0,0.0,0.0,0.32275405526161194
585.291874,0,0,0.0,0.0,0.0,0.0,0.32275405526161194
586.291879,0,0,0.0,0.0,0.0,0.0,0.32275405526161194
587.292275,0,0,0.0,0.0,0.0,0.0,0.32275405526161194
588.29289,0,0,0.0,0.0,0.0,0.0,0.32275405526161194
589.293506,0,0,0.0,0.0,0.0,0.0,0.32275405526161194
590.29418,0,0,0.0,0.0,0.0,0.0,0.32275405526161194
591.294328,0,0,0.0,0.0,0.0,0.0,0.32275405526161194
592.29549,0,0,0.0,0.0,0.0,0.0,0.32275405526161194
593.296143,0,0,0.0,0.0,0.0,0.0,0.32275405526161194
594.296184,0,0,0.0,0.0,0.0,0.0,0.32275405526161194
595.29633,0,0,0.0,0.0,0.0,0.0,0.32275405526161194
596.296462,0,0,0.0,0.016666666666666666,0.001,0.0018518518518518517,0.32275405526161194
597.296651,0,0,0.0,0.0,0.0,0.0,0.32275405526161194
598.296661,0,0,0.0,0.0,0.0,0.0,0.32275405526161194
599.297189,0,0,0.0,0.0,0.0,0.0,0.32275405526161194
600.297822,0,0,0.0,0.0,0.0,0.0,0.32275405526161194
601.298253,0,0,0.0,0.0,0.0,0.0,0.32275405526161194
602.298822,0,0,0.0,0.0,0.0,0.0,0.32275405526161194
603.298831,0,0,0.0,0.0,0.0,0.0,0.32275405526161194
604.298866,0,0,0.0,0.0,0.0,0.0,0.32275405526161194
605.298986,0,0,0.0,0.0,0.0,0.0,0.32275405526161194
606.298995,0,0,0.0,0.0,0.0,0.0,0.32275405526161194
607.299111,0,0,0.0,0.0,0.0,0.0,0.32275405526161194
608.299139,0,0,0.0,0.0,0.0,0.0,0.32275405526161194
609.299259,0,0,0.0,0.0,0.0,0.0,0.32275405526161194
610.299421,0,0,0.0,0.0,0.0,0.0,0.32275405526161194
611.299604,0,0,0.0,0.0,0.0,0.0,0.32275405526161194
612.300108,0,0,0.0,0.0,0.0,0.0,0.32275405526161194
613.302606,0,0,0.0,0.0,0.0,0.0,0.32275405526161194
614.302763,0,0,0.0,0.0,0.0,0.0,0.32275405526161194
615.302955,0,0,0.0,0.0,0.0,0.0,0.32275405526161194
616.303741,0,0,0.0,0.0,0.0,0.0,0.32275405526161194
617.303867,0,0,0.0,0.0,0.0,0.0,0.32275405526161194
618.303909,0,0,0.0,0.0,0.0,0.0,0.32275405526161194
619.303967,0,0,0.0,0.0,0.0,0.0,0.32275405526161194
620.304013,0,0,0.0,0.0,0.0,0.0,0.32275405526161194
621.304144,0,0,0.0,0.0,0.0,0.0,0.32275405526161194
622.304196,0,0,0.0,0.0,0.0,0.0,0.32275405526161194
623.304317,0,0,0.0,0.0,0.0,0.0,0.32275405526161194
624.304414,0,0,0.0,0.0,0.0,0.0,0.32275405526161194
625.304513,0,0,0.0,0.0,0.0,0.0,0.32275405526161194
626.30452,0,0,0.0,0.0,0.0,0.0,0.32275405526161194
627.304615,0,0,0.0,0.0,0.0,0.0,0.32275405526161194
628.304752,0,0,0.0,0.0,0.0,0.0,0.32275405526161194
629.304785,0,0,0.0,0.0,0.0,0.0,0.32275405526161194
630.305057,0,0,0.0,0.0,0.0,0.0,0.32275405526161194
631.305844,0,0,0.0,0.0,0.0,0.0,0.32275405526161194
632.306308,0,0,0.0,0.0,0.0,0.0,0.32275405526161194
633.307079,0,0,0.0,0.0,0.0,0.0,0.32275405526161194
634.307235,0,0,0.0,0.0,0.0,0.0,0.32275405526161194
635.307249,0,0,0.0,0.0,0.0,0.0,0.32275405526161194
636.307285,0,0,0.0,0.0,0.0,0.0,0.32275405526161194
637.307384,0,0,0.0,0.0,0.0,0.0,0.32275405526161194
638.307417,0,0,0.0,0.0,0.0,0.0,0.32275405526161194
639.307501,0,0,0.0,0.0,0.0,0.0,0.32275405526161194
640.307595,0,0,0.0,0.0,0.0,0.0,0.32275405526161194
641.307636,0,0,0.0,0.0,0.0,0.0,0.32275405526161194
642.307651,0,0,0.0,0.0,0.0,0.0,0.32275405526161194
643.30781,0,0,0.0,0.0,0.0,0.0,0.32275405526161194
644.307818,0,0,0.0,0.0,0.0,0.0,0.32275405526161194
645.307908,0,0,0.0,0.0,0.0,0.0,0.32275405526161194
646.308003,0,0,0.0,0.0,0.0,0.0,0.32275405526161194
647.30814,0,0,0.0,0.0,0.0,0.0,0.32275405526161194
648.308161,0,0,0.0,0.0,0.0,0.0,0.32275405526161194
649.308201,0,0,0.0,0.0,0.0,0.0,0.32275405526161194
650.308324,0,0,0.0,0.0,0.0,0.0,0.32275405526161194
651.308404,0,0,0.0,0.0,0.0,0.0,0.32275405526161194
652.308478,0,0,0.0,0.0,0.0,0.0,0.32275405526161194
653.308568,0,0,0.0,0.0,0.0,0.0,0.32275405526161194
654.308646,0,0,0.0,0.0,0.0,0.0,0.32275405526161194
655.308828,0,0,0.0,0.0,0.0,0.0,0.32275405526161194
656.30891,0,0,0.0,0.0,0.0,0.0,0.32275405526161194
657.308936,0,0,0.0,0.0,0.0,0.0,0.32275405526161194
658.308938,0,0,0.0,0.0,0.0,0.0,0.32275405526161194
659.309017,0,0,0.0,0.0,0.0,0.0,0.32275405526161194
660.309145,0,0,0.0,0.0,0.0,0.0,0.32275405526161194
661.309205,0,0,0.0,0.0,0.0,0.0,0.32275405526161194
662.309238,0,0,0.0,0.0,0.0,0.0,0.32275405526161194
663.309426,0,0,0.0,0.0,0.0,0.0,0.32275405526161194
664.309584,0,0,0.0,0.0,0.0,0.0,0.32275405526161194
665.309589,0,0,0.0,0.0,0.0,0.0,0.32275405526161194
666.309637,0,0,0.0,0.0,0.0,0.0,0.32275405526161194
667.309665,0,0,0.0,-0.016666666666666666,-0.001,-0.0018518518518518517,0.32275405526161194
668.309683,0,0,0.0,-0.016666666666666666,-0.001,-0.0018518518518518517,0.32275405526161194
669.309756,0,0,0.016666666666666666,0.0,0.001,-0.0018518518518518517,0.32275405526161194
670.309818,0,0,-0.016666666666666666,-0.016666666666666666,-0.002,0.0,0.32275405526161194
671.309937,0,0,0.0,0.0,0.0,0.0,0.32275405526161194
672.309972,0,0,0.0,0.0,0.0,0.0,0.32275405526161194
673.310135,0,0,0.016666666666666666,0.0,0.001,-0.0018518518518518517,0.32275405526161194
674.310146,0,0,-0.016666666666666666,0.0,-0.001,0.0018518518518518517,0.32275405526161194
675.31022,0,0,0.0,0.0,0.0,0.0,0.32275405526161194
676.310285,0,0,0.0,0.0,0.0,0.0,0.32275405526161194
677.31037,0,0,-0.016666666666666666,0.0,-0.001,0.0018518518518518517,0.32275405526161194
678.310443,0,0,0.016666666666666666,0.0,0.001,-0.0018518518518518517,0.32275405526161194
679.310556,0,0,0.016666666666666666,0.0,0.001,-0.0018518518518518517,0.32275405526161194
680.310653,0,0,0.0,0.0,0.0,0.0,0.32275405526161194
681.31077,0,0,-0.016666666666666666,0.0,-0.001,0.0018518518518518517,0.32275405526161194
682.310944,0,0,0.0,0.0,0.0,0.0,0.32275405526161194
683.311526,0,0,-0.016666666666666666,0.0,-0.001,0.0018518518518518517,0.32275405526161194
684.313774,0,0,0.0,0.0,0.0,0.0,0.32275405526161194
685.314185,0,0,0.016666666666666666,0.0,0.001,-0.0018518518518518517,0.32275405526161194
686.314814,0,0,0.0,0.0,0.0,0.0,0.32275405526161194
687.315083,0,0,0.0,0.0,0.0,0.0,0.32275405526161194
688.315149,0,0,0.0,0.0,0.0,0.0,0.32275405526161194
689.315235,0,0,0.0,-0.03333333333333333,-0.002,-0.0037037037037037034,0.31884777545928955
690.315506,0,0,-0.08333333333333333,-0.13333333333333333,-0.013,-0.005555555555555555,0.30810558795928955
691.315577,0,0,-0.11666666666666667,-0.05,-0.01,0.007407407407407407,0.30908215045928955
692.315601,0,0,-0.03333333333333333,0.0,-0.002,0.0037037037037037034,0.30810558795928955
693.315667,0,0,-0.03333333333333333,0.0,-0.002,0.0037037037037037034,0.30908215045928955
694.3157,0,0,0.03333333333333333,0.0,0.002,-0.0037037037037037034,0.31201183795928955
695.31595,695,695,2.25,2.966666666666667,0.313,0.07962962962962963,0.29736340045928955
696.315967,37,37,3.283333333333333,4.016666666666667,0.438,0.08148148148148149,0.26611340045928955
697.315983,0,0,1.2,1.4,0.15599999999999997,0.022222222222222216,0.22216805815696716
698.316035,0,0,0.0,-0.05,-0.003,-0.005555555555555555,0.20556648075580597
699.316193,0,0,0.0,0.0,0.0,0.0,0.20556648075580597
700.316199,0,0,0.016666666666666666,0.0,0.001,-0.0018518518518518517,0.20556648075580597
701.316344,0,0,-0.016666666666666666,0.016666666666666666,0.0,0.0037037037037037034,0.22021493315696716
702.316484,1153,1153,10.383333333333333,12.75,1.388,0.26296296296296295,0.26123058795928955
703.316546,805,805,20.95,25.666666666666668,2.7969999999999997,0.5240740740740742,0.25634777545928955
704.316667,575,575,27.233333333333334,34.233333333333334,3.688,0.7777777777777777,0.29248058795928955
705.316671,439,439,30.53333333333333,39.38333333333333,4.194999999999999,0.9833333333333333,0.35009780526161194
706.316718,375,375,35.55,39.483333333333334,4.502,0.4370370370370374,0.14501957595348358
707.316773,-1038,-1038,34.266666666666666,34.983333333333334,4.155,0.07962962962962984,0.038574203848838806
708.31689,-684,-684,22.616666666666667,22.75,2.722,0.01481481481481476,0.02783203125
709.31703,0,0,0.0,0.0,0.0,0.0,-0.022949248552322388
710.317041,1161,1161,11.35,11.383333333333333,1.364,0.00370370370370369,0.018066376447677612
711.317161,789,789,23.78333333333333,23.6,2.843,-0.020370370370369997,0.007324188947677612
712.317211,563,563,33.416666666666664,29.03333333333333,3.7469999999999994,-0.48703703703703694,-0.13818368315696716
713.317321,452,452,39.28333333333333,30.55,4.1899999999999995,-0.9703703703703699,-0.2924806475639343
714.317379,397,397,42.18333333333333,31.133333333333333,4.399,-1.2277777777777774,-0.3422853350639343
715.317502,629,629,33.15,24.983333333333334,3.488,-0.907407407407407,-0.3305665850639343
716.317608,357,357,29.4,24.716666666666665,3.2469999999999994,-0.5203703703703704,-0.19970715045928955
717.318908,-78,-78,31.03333333333333,30.883333333333333,3.715,-0.016666666666666507,0.017089813947677612
718.319629,46,46,27.366666666666667,28.566666666666666,3.3560000000000003,0.13333333333333325,0.05712890625
719.319634,-384,-384,21.28333333333333,21.966666666666665,2.5949999999999998,0.07592592592592595,0.05810546875
720.319755,465,465,17.4,19.666666666666668,2.2239999999999998,0.2518518518518521,0.15478520095348358
721.319909,447,447,22.316666666666666,25.466666666666665,2.867,0.3499999999999998,0.17333990335464478
722.31992,630,630,27.05,30.933333333333334,3.479,0.43148148148148135,0.17626959085464478
723.320023,477,477,30.849999999999998,37.35,4.092,0.7222222222222225,0.25048837065696716
724.320157,392,392,32.38333333333333,41.416666666666664,4.428,1.0037037037037033,0.29736340045928955
725.320267,363,363,33.5,42.28333333333333,4.547,0.9759259259259258,0.30029308795928955
726.320319,295,295,38.666666666666664,41.583333333333336,4.8149999999999995,0.32407407407407457,0.10400393605232239
727.320326,260,260,41.36666666666667,41.333333333333336,4.962,-0.003703703703703493,0.02587890625
728.32034,0,0,0.016666666666666666,24.833333333333332,1.4909999999999999,2.757407407407407,0.0034179389476776123
729.320515,1500,1500,0.03333333333333333,0.016666666666666666,0.003,-0.0018518518518518517,0.020996063947677612
730.320544,1347,1347,5.3,5.266666666666667,0.634,-0.00370370370370369,-0.0024414360523223877
731.320577,910,910,20.583333333333332,18.966666666666665,2.3729999999999998,-0.17962962962962967,-0.08251959085464478
732.320586,645,645,31.583333333333332,25.35,3.416,-0.6925925925925922,-0.24072283506393433
733.320698,496,496,38.13333333333333,28.733333333333334,4.0120000000000005,-1.0444444444444443,-0.3413087725639343
734.320765,417,417,40.31666666666666,31.849999999999998,4.329999999999999,-0.9407407407407404,-0.2641603350639343
735.320906,379,379,42.81666666666666,32.06666666666666,4.492999999999999,-1.1944444444444444,-0.3237306475639343
736.320995,-824,-824,27.349999999999998,27.166666666666668,3.271,-0.020370370370369997,0.0024413764476776123
737.32101,262,262,21.95,22.53333333333333,2.669,0.06481481481481467,0.04443359375
738.321141,-504,-504,19.966666666666665,20.433333333333334,2.424,0.05185185185185206,0.04052734375
739.321169,108,108,16.9,17.666666666666668,2.074,0.08518518518518546,0.06689453125
740.321319,155,155,15.916666666666666,17.816666666666666,2.024,0.21111111111111114,0.14599613845348358
741.321344,777,777,22.383333333333333,25.75,2.888,0.37407407407407406,0.17724615335464478
742.32142,532,532,28.266666666666666,33.21666666666667,3.689,0.5500000000000003,0.20458991825580597
743.321499,105,105,29.366666666666667,35.55,3.894999999999999,0.6870370370370366,0.25244149565696716
744.321578,66,66,21.766666666666666,27.883333333333333,2.9789999999999996,0.6796296296296296,0.31005871295928955
745.321645,366,366,21.083333333333332,28.433333333333334,2.9709999999999996,0.8166666666666668,0.3852540850639343
746.321681,-23,-23,23.433333333333334,28.55,3.1189999999999998,0.5685185185185184,0.25341805815696716
747.321862,-446,-446,19.15,20.78333333333333,2.396,0.1814814814814814,0.11767581105232239
748.322066,-333,-333,10.883333333333333,11.116666666666667,1.3199999999999998,0.02592592592592603,0.05517578125
749.322097,-154,-154,5.016666666666667,5.1,0.607,0.009259259259259226,0.05224609375
750.322103,934,934,4.233333333333333,4.266666666666667,0.51,0.00370370370370369,0.03662109375
751.32212,929,929,19.03333333333333,19.183333333333334,2.293,0.016666666666666902,0.03271484375
752.322132,547,547,20.566666666666666,20.95,2.4909999999999997,0.042592592592592536,0.038574203848838806
753.322173,411,411,26.25,26.616666666666667,3.1719999999999997,0.040740740740740786,0.03369140625
754.32238,566,566,32.63333333333333,29.833333333333332,3.7479999999999998,-0.31111111111111117,-0.08154302835464478
755.323516,442,442,39.416666666666664,30.983333333333334,4.224,-0.9370370370370366,-0.2827150225639343
756.323926,388,388,42.083333333333336,31.599999999999998,4.421,-1.1648148148148152,-0.3774416446685791
757.324539,346,346,42.68333333333333,34.11666666666667,4.608,-0.9518518518518514,-0.2680665850639343
758.324573,-994,-994,36.3,29.966666666666665,3.976,-0.7037037037037035,-0.18896496295928955
759.324584,-302,-302,20.05,20.216666666666665,2.416,0.018518518518518254,0.03271484375
760.324819,391,391,22.183333333333334,22.35,2.6719999999999997,0.01851851851851865,0.03173828125
761.324903,525,525,26.599999999999998,27.066666666666666,3.2199999999999998,0.05185185185185206,0.03173828125
762.325078,-283,-283,25.233333333333334,27.983333333333334,3.193,0.3055555555555555,0.13818363845348358
763.325227,619,619,27.316666666666666,31.383333333333333,3.5220000000000002,0.4518518518518518,0.17919927835464478
764.325408,467,467,31.716666666666665,37.0,4.123,0.5870370370370372,0.19384773075580597
765.325936,386,386,33.56666666666666,40.88333333333333,4.466999999999999,0.8129629629629632,0.25537121295928955
766.326643,355,355,32.71666666666667,43.5,4.5729999999999995,1.198148148148148,0.3725587725639343
767.327076,-238,-238,32.4,38.733333333333334,4.268,0.7037037037037038,0.22119149565696716
768.327333,-117,-117,28.483333333333334,30.0,3.509,0.1685185185185184,0.0795898586511612
769.327419,-550,-550,26.28333333333333,26.5,3.167,0.024074074074074282,0.02783203125
770.327503,647,647,28.28333333333333,28.599999999999998,3.4129999999999994,0.03518518518518516,0.019042938947677612
771.327572,460,460,34.916666666666664,34.333333333333336,4.155,-0.06481481481481428,-4.883110523223877E-4
772.32771,376,376,41.0,33.8,4.4879999999999995,-0.8000000000000003,-0.22900402545928955
773.327778,349,349,43.483333333333334,33.233333333333334,4.603,-1.1388888888888888,-0.3178712725639343
774.327968,332,332,43.166666666666664,34.78333333333333,4.676999999999999,-0.9314814814814815,-0.23095715045928955
775.32845,337,337,44.15,33.166666666666664,4.638999999999999,-1.2203703703703703,-0.3217775225639343
776.329174,0,0,34.36666666666667,34.7,4.143999999999999,0.0370370370370373,0.03564453125
777.329545,0,0,0.016666666666666666,7.45,0.448,0.8259259259259258,0.017089813947677612
778.329557,1,1,-0.08333333333333333,0.0,-0.004999999999999999,0.009259259259259257,0.06201171875
779.330194,0,0,0.0,0.0,0.0,0.0,0.05419921875
780.330303,1098,1098,13.083333333333334,14.133333333333333,1.633,0.11666666666666653,0.10595706105232239
781.33039,745,745,24.483333333333334,25.78333333333333,3.016,0.14444444444444413,0.0844726711511612
782.330392,529,529,30.45,34.266666666666666,3.883,0.424074074074074,0.16845709085464478
783.330481,407,407,33.68333333333333,39.1,4.367,0.6018518518518523,0.22021493315696716
784.330493,352,352,34.35,42.46666666666667,4.609,0.9018518518518518,0.26025402545928955
785.330639,0,0,33.43333333333333,43.166666666666664,4.595999999999999,1.0814814814814815,0.36083999276161194
786.330697,367,367,34.03333333333333,41.68333333333333,4.543,0.8499999999999998,0.25927746295928955
787.330769,299,299,38.95,41.3,4.8149999999999995,0.26111111111111046,0.0747070461511612
788.330905,256,256,41.36666666666667,41.38333333333333,4.965,0.0018518518518517465,0.020996063947677612
789.330975,236,236,42.43333333333333,41.75,5.051,-0.07592592592592555,-0.011230498552322388
790.330981,241,241,46.61666666666667,37.28333333333333,5.034,-1.0370370370370372,-0.2700197100639343
791.331034,285,285,45.833333333333336,34.78333333333333,4.837000000000001,-1.227777777777778,-0.3413087725639343
792.331113,289,289,44.56666666666666,36.233333333333334,4.848,-0.9259259259259254,-0.2573243975639343
793.331137,-1077,-1077,39.46666666666667,32.11666666666667,4.295000000000001,-0.8166666666666668,-0.19580090045928955
794.331317,-57,-57,23.7,24.28333333333333,2.879,0.06481481481481467,0.04931640625
795.331338,689,689,26.78333333333333,27.366666666666667,3.2489999999999997,0.06481481481481507,0.04150390625
796.331361,492,492,33.4,33.78333333333333,4.031,0.042592592592592536,0.04345703125
797.331463,378,378,34.36666666666667,40.416666666666664,4.487,0.6722222222222218,0.19580085575580597
798.331534,325,325,36.1,42.15,4.694999999999999,0.6722222222222218,0.19775398075580597
799.331657,300,300,35.833333333333336,44.35,4.811,0.9462962962962961,0.26904308795928955
800.331739,314,314,34.13333333333333,44.96666666666667,4.7459999999999996,1.203703703703704,0.3872072100639343
801.331822,298,298,37.333333333333336,43.03333333333333,4.822,0.6333333333333329,0.18798834085464478
802.331883,255,255,40.833333333333336,42.083333333333336,4.9750000000000005,0.13888888888888887,0.05126953125
803.33189,221,221,42.6,42.61666666666667,5.1129999999999995,0.0018518518518517465,0.02685546875
804.332002,215,215,42.95,42.6,5.133000000000001,-0.03888888888888904,-0.029785186052322388
805.332043,269,269,47.25,34.666666666666664,4.914999999999999,-1.3981481481481484,-0.4096682071685791
806.332187,311,311,44.46666666666667,34.55,4.741,-1.1018518518518523,-0.2934572100639343
807.332236,299,299,44.9,35.15,4.803,-1.0833333333333333,-0.3647463321685791
808.332428,303,303,42.233333333333334,37.55,4.787,-0.5203703703703707,-0.09912118315696716
809.332936,-899,-899,29.166666666666668,30.78333333333333,3.597,0.17962962962962925,0.0717773586511612
810.3337,752,752,24.816666666666666,25.383333333333333,3.012,0.06296296296296293,0.04541015625
811.334238,531,531,31.28333333333333,33.61666666666667,3.894,0.25925925925925947,0.12841801345348358
812.334611,401,401,34.15,39.2,4.401,0.5611111111111116,0.17333990335464478
813.334681,339,339,34.983333333333334,42.43333333333333,4.645,0.8277777777777773,0.23388680815696716
814.334806,309,309,35.25,44.083333333333336,4.760000000000001,0.9814814814814816,0.28466808795928955
815.334818,336,336,33.416666666666664,44.45,4.672000000000001,1.2259259259259263,0.30419933795928955
816.334949,282,282,39.21666666666667,42.03333333333333,4.875,0.3129629629629625,0.11669924855232239
817.335006,247,247,41.81666666666666,41.56666666666666,5.002999999999999,-0.027777777777777776,0.03271484375
818.335113,232,232,44.46666666666667,40.4,5.0920000000000005,-0.45185185185185217,-0.047363340854644775
819.335187,217,217,44.03333333333333,41.55,5.135,-0.275925925925926,-0.07275396585464478
820.335189,317,317,46.166666666666664,32.7,4.732,-1.4962962962962956,-0.4116213321685791
821.335222,310,310,43.266666666666666,35.6,4.732,-0.8518518518518515,-0.19677746295928955
822.335241,322,322,45.483333333333334,32.983333333333334,4.708,-1.3888888888888888,-0.4174807071685791
823.335375,-927,-927,30.95,30.849999999999998,3.7079999999999997,-0.011111111111111268,0.02587890625
824.335501,-536,-536,17.466666666666665,18.0,2.128,0.059259259259259435,0.06689453125
825.335561,632,632,11.383333333333333,11.7,1.3849999999999998,0.03518518518518516,0.05126953125
826.335645,474,474,17.15,17.55,2.0820000000000003,0.044444444444444675,0.020019501447677612
827.335843,472,472,21.15,22.566666666666666,2.623,0.15740740740740752,0.0893554836511612
828.335942,-761,-761,22.933333333333334,26.45,2.963,0.3907407407407406,0.18017584085464478
829.336003,249,249,15.516666666666666,17.816666666666666,1.9999999999999996,0.2555555555555556,0.18701177835464478
830.336074,-342,-342,10.35,12.233333333333333,1.355,0.20925925925925917,0.20654304325580597
831.336593,0,0,6.433333333333334,7.0,0.8059999999999999,0.06296296296296293,0.0942382961511612
832.337001,0,0,0.0,0.0,0.0,0.0,0.04833984375
833.337907,0,0,0.0,0.0,0.0,0.0,0.04833984375
834.338036,0,0,0.1,0.1,0.012,0.0,0.04833984375
835.338054,0,0,-0.18333333333333332,-0.18333333333333332,-0.022,0.0,0.04833984375
836.338163,0,0,0.0,-0.03333333333333333,-0.002,-0.0037037037037037034,0.04638671875
837.338187,0,0,0.0,-0.016666666666666666,-0.001,-0.0018518518518518517,0.04638671875
838.33826,0,0,0.0,-0.03333333333333333,-0.002,-0.0037037037037037034,0.04638671875
839.338332,0,0,0.0,0.016666666666666666,0.001,0.0018518518518518517,0.04638671875
840.338365,0,0,-0.016666666666666666,0.016666666666666666,0.0,0.0037037037037037034,0.04638671875
841.338473,0,0,0.03333333333333333,0.016666666666666666,0.003,-0.0018518518518518517,0.04638671875
842.338554,0,0,-0.016666666666666666,-0.016666666666666666,-0.002,0.0,0.04638671875
843.338569,0,0,0.0,0.016666666666666666,0.001,0.0018518518518518517,0.04638671875
844.338663,0,0,0.0,0.016666666666666666,0.001,0.0018518518518518517,0.04638671875
845.338747,0,0,0.0,-0.06666666666666667,-0.004,-0.007407407407407407,0.04638671875
846.33887,0,0,0.0,0.016666666666666666,0.001,0.0018518518518518517,0.04638671875
847.338939,0,0,-0.03333333333333333,0.016666666666666666,-0.001,0.005555555555555555,0.04638671875
848.339027,0,0,0.0,-0.03333333333333333,-0.002,-0.0037037037037037034,0.04638671875
849.339137,0,0,0.016666666666666666,0.0,0.001,-0.0018518518518518517,0.04638671875
850.339306,0,0,0.0,0.016666666666666666,0.001,0.0018518518518518517,0.04638671875
851.339353,0,0,0.0,0.016666666666666666,0.001,0.0018518518518518517,0.04638671875
852.339356,0,0,-0.03333333333333333,0.016666666666666666,-0.001,0.005555555555555555,0.04638671875
853.33936,0,0,0.016666666666666666,0.016666666666666666,0.002,0.0,0.04638671875
854.339482,0,0,0.0,0.016666666666666666,0.001,0.0018518518518518517,0.04638671875
855.3395,0,0,0.0,0.016666666666666666,0.001,0.0018518518518518517,0.04638671875
856.339549,0,0,0.0,0.016666666666666666,0.001,0.0018518518518518517,0.04638671875
857.339592,0,0,0.0,0.03333333333333333,0.002,0.0037037037037037034,0.04638671875
858.33972,0,0,0.016666666666666666,0.016666666666666666,0.002,0.0,0.04638671875
859.33979,0,0,0.0,0.016666666666666666,0.001,0.0018518518518518517,0.04638671875
860.339812,0,0,0.0,0.016666666666666666,0.001,0.0018518518518518517,0.04638671875
861.339971,0,0,0.0,0.016666666666666666,0.001,0.0018518518518518517,0.04638671875
862.340019,0,0,0.016666666666666666,-0.03333333333333333,-0.001,-0.005555555555555555,0.04638671875
863.340064,0,0,0.0,-0.03333333333333333,-0.002,-0.0037037037037037034,0.04638671875
864.3402,0,0,0.0,-0.016666666666666666,-0.001,-0.0018518518518518517,0.04638671875
865.340391,0,0,0.03333333333333333,-0.03333333333333333,0.0,-0.007407407407407407,0.04638671875
866.340483,0,0,-0.03333333333333333,-0.03333333333333333,-0.004,0.0,0.04638671875
867.340569,0,0,-0.03333333333333333,0.016666666666666666,-0.001,0.005555555555555555,0.04638671875
868.341765,0,0,0.0,-0.016666666666666666,-0.001,-0.0018518518518518517,0.04638671875
869.342412,0,0,0.0,0.016666666666666666,0.001,0.0018518518518518517,0.04638671875
870.34277,0,0,0.0,-0.016666666666666666,-0.001,-0.0018518518518518517,0.04638671875
871.343685,0,0,0.0,-0.016666666666666666,-0.001,-0.0018518518518518517,0.04638671875
872.344453,0,0,0.0,-0.016666666666666666,-0.001,-0.0018518518518518517,0.04638671875
873.344798,0,0,0.0,-0.03333333333333333,-0.002,-0.0037037037037037034,0.04638671875
874.34496,0,0,0.0,0.03333333333333333,0.002,0.0037037037037037034,0.04638671875
875.345017,0,0,0.0,-0.016666666666666666,-0.001,-0.0018518518518518517,0.04638671875
876.345111,0,0,0.0,0.03333333333333333,0.002,0.0037037037037037034,0.04638671875
877.34524,0,0,0.0,0.03333333333333333,0.002,0.0037037037037037034,0.04638671875
878.345601,0,0,0.0,0.03333333333333333,0.002,0.0037037037037037034,0.04638671875
879.346163,0,0,0.0,0.0,0.0,0.0,0.04638671875
880.34682,0,0,0.0,0.0,0.0,0.0,0.04638671875
881.347413,0,0,0.0,-0.016666666666666666,-0.001,-0.0018518518518518517,0.04638671875
882.347637,0,0,0.0,0.0,0.0,0.0,0.04638671875
883.348438,0,0,0.0,0.03333333333333333,0.002,0.0037037037037037034,0.04638671875
884.349395,0,0,0.0,0.0,0.0,0.0,0.04638671875
885.349803,0,0,0.0,0.03333333333333333,0.002,0.0037037037037037034,0.04638671875
886.34985,0,0,0.0,0.03333333333333333,0.002,0.0037037037037037034,0.04638671875
887.349997,0,0,0.0,-0.016666666666666666,-0.001,-0.0018518518518518517,0.04638671875
888.350646,0,0,0.0,0.03333333333333333,0.002,0.0037037037037037034,0.04638671875
889.35134,0,0,0.0,0.0,0.0,0.0,0.04638671875
890.351998,0,0,0.0,0.0,0.0,0.0,0.04638671875
891.352128,0,0,0.0,0.0,0.0,0.0,0.04638671875
892.352179,0,0,0.0,0.0,0.0,0.0,0.04638671875
893.352283,0,0,0.0,0.0,0.0,0.0,0.04638671875
894.352307,0,0,0.0,0.0,0.0,0.0,0.04638671875
895.352412,0,0,0.0,0.0,0.0,0.0,0.04638671875
896.352459,0,0,0.0,0.0,0.0,0.0,0.04638671875
897.352622,0,0,0.0,0.0,0.0,0.0,0.04638671875
898.353089,0,0,0.0,0.0,0.0,0.0,0.04638671875
899.353757,0,0,0.0,-0.016666666666666666,-0.001,-0.0018518518518518517,0.04638671875
900.35439,0,0,0.0,0.0,0.0,0.0,0.04638671875
901.354721,0,0,0.0,0.0,0.0,0.0,0.04638671875
902.354903,0,0,0.0,0.0,0.0,0.0,0.04638671875
903.355004,0,0,0.0,0.0,0.0,0.0,0.04638671875
904.355131,0,0,0.0,0.0,0.0,0.0,0.04638671875
905.355276,0,0,0.0,0.0,0.0,0.0,0.04638671875
906.355347,0,0,0.0,0.0,0.0,0.0,0.04638671875
907.3554,0,0,0.0,0.0,0.0,0.0,0.04638671875
908.355504,0,0,0.0,0.0,0.0,0.0,0.04638671875
909.355525,0,0,0.0,0.0,0.0,0.0,0.04638671875
910.356719,0,0,0.016666666666666666,0.0,0.001,-0.0018518518518518517,0.04638671875
911.357573,0,0,0.0,0.0,0.0,0.0,0.04638671875
912.357605,0,0,0.0,0.0,0.0,0.0,0.04638671875
913.357663,0,0,0.0,0.0,0.0,0.0,0.04638671875
914.357753,0,0,0.0,0.0,0.0,0.0,0.04638671875
915.357756,0,0,0.0,0.0,0.0,0.0,0.04638671875
916.357962,0,0,0.0,0.0,0.0,0.0,0.04638671875
917.358643,0,0,0.0,0.0,0.0,0.0,0.04638671875
918.359284,0,0,0.0,0.0,0.0,0.0,0.04638671875
919.3599,0,0,0.0,0.0,0.0,0.0,0.04638671875
920.360315,0,0,0.0,-0.016666666666666666,-0.001,-0.0018518518518518517,0.04638671875
921.360426,0,0,0.0,0.0,0.0,0.0,0.04638671875
922.360506,0,0,0.0,0.0,0.0,0.0,0.04638671875
923.3607,0,0,0.0,0.0,0.0,0.0,0.04638671875
924.360987,0,0,0.0,0.0,0.0,0.0,0.04638671875
925.36114,0,0,0.0,0.0,0.0,0.0,0.04638671875
926.361433,0,0,0.0,0.0,0.0,0.0,0.04638671875
927.36241,0,0,0.0,0.0,0.0,0.0,0.04638671875
928.362789,0,0,0.0,0.0,0.0,0.0,0.04638671875
929.363023,0,0,-0.016666666666666666,0.03333333333333333,0.001,0.005555555555555555,0.04638671875
930.363031,0,0,0.0,0.0,0.0,0.0,0.04638671875
931.363187,0,0,0.0,0.0,0.0,0.0,0.04638671875
932.3632,0,0,0.0,0.0,0.0,0.0,0.04638671875
933.363242,0,0,0.0,-0.03333333333333333,-0.002,-0.0037037037037037034,0.04638671875
934.364019,0,0,0.0,0.0,0.0,0.0,0.04638671875
935.364946,0,0,0.0,-0.03333333333333333,-0.002,-0.0037037037037037034,0.04638671875
936.365192,0,0,0.0,0.0,0.0,0.0,0.04638671875
937.365496,0,0,0.0,0.0,0.0,0.0,0.04638671875
938.365515,0,0,0.0,0.0,0.0,0.0,0.04638671875
939.365551,0,0,0.0,-0.03333333333333333,-0.002,-0.0037037037037037034,0.04638671875
940.365621,0,0,0.0,0.016666666666666666,0.001,0.0018518518518518517,0.04638671875
941.365704,0,0,0.0,0.0,0.0,0.0,0.04638671875
942.365783,0,0,0.0,0.0,0.0,0.0,0.04638671875
943.36579,0,0,0.0,0.0,0.0,0.0,0.04638671875
944.365873,0,0,0.03333333333333333,0.0,0.002,-0.0037037037037037034,0.04638671875
945.365996,0,0,2.033333333333333,2.0166666666666666,0.243,-0.001851851851851845,0.04150390625
946.366075,0,0,0.15,0.31666666666666665,0.028,0.018518518518518514,0.03271484375
947.366116,0,0,-0.016666666666666666,0.0,-0.001,0.0018518518518518517,0.03271484375
948.366224,0,0,-0.016666666666666666,0.0,-0.001,0.0018518518518518517,0.03271484375
949.366232,0,0,0.0,0.0,0.0,0.0,0.03271484375
950.366303,0,0,-0.016666666666666666,0.0,-0.001,0.0018518518518518517,0.03271484375
951.366464,0,0,-0.016666666666666666,0.0,-0.001,0.0018518518518518517,0.03271484375
952.366474,0,0,-0.016666666666666666,0.0,-0.001,0.0018518518518518517,0.03271484375
953.366505,0,0,0.03333333333333333,0.0,0.002,-0.0037037037037037034,0.03271484375
954.366626,0,0,-0.016666666666666666,0.0,-0.001,0.0018518518518518517,0.03271484375
955.366721,0,0,0.03333333333333333,0.0,0.002,-0.0037037037037037034,0.03271484375
956.366747,0,0,-0.9333333333333333,-0.95,-0.11299999999999999,-0.001851851851851845,0.11376956105232239
957.36686,0,0,-2.25,-3.533333333333333,-0.347,-0.14259259259259255,0.5541994571685791
958.366866,0,0,-2.533333333333333,-4.25,-0.407,-0.19074074074074074,0.7202152013778687
959.366941,0,0,-3.466666666666667,-5.666666666666667,-0.5479999999999999,-0.24444444444444444,0.7202152013778687
960.367032,0,0,-3.5666666666666664,-5.883333333333333,-0.567,-0.25740740740740736,0.7202152013778687
961.367162,0,0,-3.5166666666666666,-5.983333333333333,-0.57,-0.274074074074074,0.7202152013778687
962.367251,0,0,-3.0666666666666664,-5.0,-0.484,-0.21481481481481482,0.7202152013778687
963.36741,0,0,-3.1666666666666665,-5.033333333333333,-0.49199999999999994,-0.2074074074074074,0.7202152013778687
964.367525,0,0,-2.3333333333333335,-4.0,-0.38,-0.18518518518518515,0.7202152013778687
965.368264,0,0,-1.4666666666666666,-2.4166666666666665,-0.23299999999999996,-0.10555555555555554,0.6254885792732239
966.368862,0,0,-0.18333333333333332,-0.16666666666666666,-0.020999999999999998,0.0018518518518518513,-0.3081056475639343
967.369435,0,0,1.05,0.75,0.108,-0.03333333333333333,-0.5825198292732239
968.36951,0,0,2.716666666666667,2.0,0.283,-0.07962962962962963,-0.3569338321685791
969.36969,0,0,2.5833333333333335,2.033333333333333,0.277,-0.06111111111111114,-0.2612306475639343
970.369766,0,0,1.1,0.9,0.12,-0.022222222222222227,-0.24267596006393433
971.369824,0,0,1.0833333333333333,0.8333333333333334,0.11499999999999999,-0.027777777777777762,-0.23974627256393433
972.369963,0,0,2.433333333333333,1.4833333333333334,0.235,-0.10555555555555551,-0.6040042638778687
973.369975,0,0,2.0833333333333335,1.35,0.20600000000000002,-0.08148148148148149,-0.6899417638778687
974.369976,0,0,3.1,1.9166666666666667,0.301,-0.13148148148148145,-0.7124027609825134
975.370112,0,0,0.31666666666666665,0.2833333333333333,0.036,-0.0037037037037037025,-0.7124027609825134
976.370141,0,0,1.8333333333333333,1.0166666666666666,0.17099999999999999,-0.09074074074074072,-0.7172855138778687
977.370455,0,0,2.033333333333333,1.1833333333333333,0.193,-0.09444444444444441,-0.7084965109825134
978.37069,0,0,2.1333333333333333,1.2166666666666666,0.20099999999999998,-0.10185185185185185,-0.7026370763778687
979.370723,0,0,1.8333333333333333,0.9666666666666667,0.16799999999999998,-0.09629629629629627,-0.7016605138778687
980.370799,0,0,2.1333333333333333,1.25,0.20299999999999999,-0.09814814814814814,-0.6948245763778687
981.370973,0,0,1.6,0.8166666666666667,0.14500000000000002,-0.08703703703703704,-0.6948245763778687
982.371007,0,0,1.9166666666666667,1.0666666666666667,0.179,-0.09444444444444444,-0.6909183263778687
983.371869,0,0,1.35,0.8,0.129,-0.06111111111111111,-0.6889652013778687
984.372457,0,0,1.4,0.85,0.135,-0.061111111111111095,-0.6889652013778687
985.372866,0,0,1.6333333333333333,0.9166666666666666,0.153,-0.07962962962962962,-0.6879886388778687
986.372982,0,0,1.4,0.8333333333333334,0.134,-0.06296296296296294,-0.6860355138778687
987.373042,0,0,0.6166666666666667,0.45,0.064,-0.018518518518518517,-0.5493167042732239
988.373056,0,0,0.0,-0.016666666666666666,-0.001,-0.0018518518518518517,-0.4360353946685791
989.373298,0,0,0.0,0.0,0.0,0.0,-0.4340822696685791
990.373386,0,0,-0.03333333333333333,0.0,-0.002,0.0037037037037037034,-0.4340822696685791
991.373479,0,0,0.0,0.0,0.0,0.0,-0.4331057071685791
992.373515,0,0,-0.03333333333333333,0.0,-0.002,0.0037037037037037034,-0.4321291446685791
993.373974,0,0,-0.03333333333333333,-0.016666666666666666,-0.003,0.0018518518518518517,-0.4321291446685791
994.374875,0,0,0.03333333333333333,0.0,0.002,-0.0037037037037037034,-0.4321291446685791
995.375609,0,0,0.03333333333333333,0.0,0.002,-0.0037037037037037034,-0.4321291446685791
996.375621,0,0,0.03333333333333333,-0.016666666666666666,0.001,-0.005555555555555555,-0.4321291446685791
997.375675,0,0,-0.016666666666666666,0.0,-0.001,0.0018518518518518517,-0.4321291446685791
998.375781,0,0,0.03333333333333333,0.0,0.002,-0.0037037037037037034,-0.4321291446685791
999.375959,0,0,-0.016666666666666666,0.0,-0.001,0.0018518518518518517,-0.4321291446685791
1000.376071,0,0,0.016666666666666666,-0.016666666666666666,0.0,-0.0037037037037037034,-0.4311525821685791
1001.376117,0,0,-0.03333333333333333,0.0,-0.002,0.0037037037037037034,-0.4311525821685791
1002.376173,0,0,-0.03333333333333333,-0.016666666666666666,-0.003,0.0018518518518518517,-0.4311525821685791
1003.376644,0,0,-0.03333333333333333,0.0,-0.002,0.0037037037037037034,-0.4311525821685791
1004.377254,0,0,0.03333333333333333,-0.016666666666666666,0.001,-0.005555555555555555,-0.4311525821685791
1005.377854,0,0,-0.016666666666666666,-0.016666666666666666,-0.002,0.0,-0.4311525821685791
1006.378048,0,0,0.03333333333333333,0.0,0.002,-0.0037037037037037034,-0.4311525821685791
1007.378447,0,0,-0.016666666666666666,-0.016666666666666666,-0.002,0.0,-0.4311525821685791
1008.378631,0,0,-0.016666666666666666,-0.016666666666666666,-0.002,0.0,-0.4311525821685791
